first_name,second_name,goals_scored,assists,minutes,goals_conceded,creativity,influence,threat,ict_index,clean_sheets,red_cards,yellow_cards,now_cost
Granit,Xhaka,7,8,2992,35,673.3,647.0,498.0,182.0,13,0,4,48
Mohamed,Elneny,0,0,111,2,5.4,4.6,0.0,1.1,0,0,0,41
Rob,Holding,1,0,562,13,10.3,152.0,54.0,21.6,0,0,0,42
Thomas,Partey,3,0,2480,28,439.6,513.2,240.0,119.5,11,0,5,47
Martin,Ødegaard,15,8,3132,38,1100.4,960.0,920.0,298.3,13,0,4,69
Kieran,Tierney,0,1,774,10,85.5,144.0,67.0,29.9,1,0,0,46
Nicolas,Pépé,0,0,0,0,0.0,0.0,0.0,0.0,0,0,0,53
Benjamin,White,2,5,3054,35,491.2,649.0,159.0,130.0,15,0,5,50
Eddie,Nketiah,4,2,1071,16,128.2,213.4,598.0,93.1,2,0,3,63
Emile,Smith Rowe,0,2,161,5,64.3,36.6,39.0,13.8,0,0,0,56
Bukayo,Saka,14,12,3183,42,1091.8,972.2,1164.0,322.8,12,0,6,80
Takehiro,Tomiyasu,0,1,651,11,86.6,137.0,55.0,27.7,2,0,2,42
Aaron,Ramsdale,0,0,3420,43,0.0,761.4,0.0,76.2,14,0,1,48
Gabriel,dos Santos Magalhães,3,0,3409,43,129.7,733.8,401.0,126.5,14,0,5,52
Nuno,Varela Tavares,0,0,0,0,0.0,0.0,0.0,0.0,0,0,0,45
Gabriel,Martinelli Silva,15,9,2789,33,838.1,844.2,1300.0,298.1,14,0,3,65
Pablo,Marí Villar,0,0,0,0,0.0,0.0,0.0,0.0,0,0,0,45
Lucas,Torreira di Pascua,0,0,0,0,0.0,0.0,0.0,0.0,0,0,0,45
Reiss,Nelson,3,3,202,3,99.2,169.8,155.0,42.4,1,0,0,47
Matt,Turner,0,0,0,0,0.0,0.0,0.0,0.0,0,0,0,38
Fábio,Ferreira Vieira,1,2,500,5,180.1,115.2,123.0,41.4,2,0,0,56
William,Saliba,2,1,2415,25,100.8,529.0,114.0,74.5,12,0,4,49
Marcus,Oliveira Alencar,0,0,1,0,0.2,0.0,0.0,0.0,0,0,0,46
Gabriel,Fernando de Jesus,11,7,2064,23,407.3,594.2,1282.0,228.3,9,0,6,81
Leandro,Trossard,8,13,2237,38,687.1,620.0,859.0,216.6,8,0,1,66
Jorge Luiz,Frello Filho,2,2,2127,23,254.1,386.4,97.0,73.9,9,0,4,57
Oleksandr,Zinchenko,1,2,2122,28,387.7,405.0,190.0,98.3,10,0,3,50
Matthew,Smith,0,0,0,0,0.0,0.0,0.0,0.0,0,0,0,44
Ethan,Nwaneri,0,0,1,0,0.0,0.0,0.0,0.0,0,0,0,45
Lino,Sousa,0,0,0,0,0.0,0.0,0.0,0.0,0,0,0,40
Karl,Hein,0,0,0,0,0.0,0.0,0.0,0.0,0,0,0,39
Amario,Cozier-Duberry,0,0,0,0,0.0,0.0,0.0,0.0,0,0,0,45
Nathan,Butler-Oyedeji,0,0,0,0,0.0,0.0,0.0,0.0,0,0,0,45
Jakub,Kiwior,1,0,425,6,4.1,53.6,4.0,6.3,2,0,0,40
Reuell,Walters,0,0,0,0,0.0,0.0,0.0,0.0,0,0,0,40
Mauro,Bandeira,0,0,0,0,0.0,0.0,0.0,0.0,0,0,0,45
Philippe,Coutinho Correia,1,0,777,9,152.5,119.2,218.0,48.8,3,0,3,66
Emiliano,Martínez Romero,0,0,3139,38,23.0,813.0,0.0,83.5,11,0,7,50
Calum,Chambers,0,0,345,4,29.8,74.4,8.0,11.1,0,0,2,42
Lucas,Digne,1,0,1492,25,293.3,271.4,92.0,65.8,3,0,5,45
Bertrand,Traoré,2,0,226,1,30.7,82.0,79.0,19.0,1,0,1,49
Robin,Olsen,0,0,280,8,0.0,83.2,0.0,8.2,1,0,0,39
Morgan,Sanson,0,0,10,1,0.5,4.2,0.0,0.4,0,0,0,43
John,McGinn,1,5,2692,31,349.2,375.0,326.0,105.1,10,0,7,51
Kortney,Hause,0,0,0,0,0.0,0.0,0.0,0.0,0,0,0,44
Tyrone,Mings,1,3,3150,40,87.7,657.2,121.0,87.0,12,0,7,47
Ollie,Watkins,15,8,3129,40,408.5,792.0,1268.0,247.0,13,0,4,73
Marvelous,Nakamba,0,0,0,0,0.0,0.0,0.0,0.0,0,0,0,43
Emiliano,Buendía Stati,5,3,2404,34,546.3,438.2,580.0,156.6,11,0,0,57
Matty,Cash,0,2,1817,29,178.0,298.4,67.0,54.4,4,0,4,46
Ezri,Konsa Ngoyo,0,0,3322,45,116.1,560.4,72.0,74.9,12,0,6,44
Leon,Bailey,4,5,1964,32,439.1,334.2,532.0,130.1,8,0,4,43
Douglas Luiz,Soares de Paulo,6,7,2922,35,655.4,661.6,242.0,155.8,13,1,6,48
Jacob,Ramsey,6,8,2634,33,496.7,607.2,424.0,152.8,11,0,5,51
Tim,Iroegbunam,0,0,0,0,0.0,0.0,0.0,0.0,0,0,0,45
Diego Carlos,Santos Silva,0,0,205,3,13.2,24.8,32.0,7.0,0,0,0,47
Anwar,El Ghazi,0,0,0,0,0.0,0.0,0.0,0.0,0,0,0,48
Keinan,Davis,0,0,0,0,0.0,0.0,0.0,0.0,0,0,0,54
Boubacar,Kamara,0,1,1773,30,123.4,275.8,39.0,43.9,3,0,4,48
Cameron,Archer,0,0,43,1,2.4,1.8,6.0,0.9,0,0,0,42
Jaden,Philogene-Bidace,0,0,0,0,0.0,0.0,0.0,0.0,0,0,0,45
Frédéric,Guilbert,0,0,0,0,0.0,0.0,0.0,0.0,0,0,0,39
Leander,Dendoncker,0,0,897,14,96.1,143.4,64.0,30.6,4,0,0,47
Ludwig,Augustinsson,0,0,76,0,1.9,5.6,35.0,4.2,0,0,1,43
Kaine,Kesler Hayden,0,0,0,0,0.0,0.0,0.0,0.0,0,0,0,40
Ashley,Young,1,0,2031,28,223.4,380.2,81.0,68.7,9,0,7,43
Lamare,Bogarde,0,0,0,0,0.0,0.0,0.0,0.0,0,0,0,40
Filip,Marschall,0,0,0,0,0.0,0.0,0.0,0.0,0,0,0,40
Kadan,Young,0,0,0,0,0.0,0.0,0.0,0.0,0,0,0,45
Alexandre,Moreno Lopera,0,3,1325,10,321.1,254.4,151.0,72.3,7,0,3,45
Viljami,Sinisalo,0,0,0,0,0.0,0.0,0.0,0.0,0,0,0,40
Jhon,Durán,0,0,126,4,13.4,12.8,51.0,7.4,0,0,1,55
Sil,Swinkels,0,0,0,0,0.0,0.0,0.0,0.0,0,0,0,40
Oliwier,Zych,0,0,0,0,0.0,0.0,0.0,0.0,0,0,0,40
James,Wright,0,0,0,0,0.0,0.0,0.0,0.0,0,0,0,40
Sebastian,Revan,0,0,0,0,0.0,0.0,0.0,0.0,0,0,0,40
Travis,Patterson,0,0,0,0,0.0,0.0,0.0,0.0,0,0,0,45
Tommi,O'Reilly,0,0,0,0,0.0,0.0,0.0,0.0,0,0,0,45
Adam,Smith,0,1,2940,58,261.6,406.2,88.0,75.7,7,0,11,43
Junior,Stanislas,0,0,58,1,22.9,10.0,7.0,3.9,0,0,0,48
Ryan,Fredericks,0,0,527,11,26.7,66.0,12.0,10.6,0,0,1,44
David,Brooks,0,0,170,4,16.4,13.6,31.0,6.0,0,0,1,53
Jamal,Lowe,0,0,11,0,0.3,0.2,0.0,0.1,0,0,0,52
Kieffer,Moore,4,0,1269,34,89.6,216.2,272.0,57.3,3,0,1,49
Emiliano,Marcondes,0,0,8,1,0.0,1.2,0.0,0.1,0,0,0,47
Jefferson,Lerma Solís,5,0,3252,67,293.6,616.6,311.0,122.1,7,0,7,47
Jack,Stacey,0,0,293,10,8.6,44.2,8.0,6.0,0,0,2,42
Dominic,Solanke,6,10,2865,52,279.9,524.8,1046.0,184.4,8,0,2,56
Lewis,Cook,0,2,1712,39,352.5,313.0,45.0,71.2,3,0,4,49
Ben,Pearson,0,0,282,10,6.4,21.0,9.0,3.7,1,0,1,44
Ryan,Christie,1,2,1825,35,421.7,282.0,400.0,110.5,3,0,2,53
Philip,Billing,7,2,2766,54,388.8,622.0,441.0,145.2,9,0,5,50
Chris,Mepham,0,0,2197,52,54.4,556.4,134.0,74.4,5,0,7,43
Mark,Travers,0,0,1035,32,0.0,253.0,0.0,25.4,2,0,0,41
Lloyd,Kelly,0,2,2040,38,97.7,394.0,26.0,52.1,5,0,3,43
Siriki,Dembélé,0,0,104,2,52.3,31.8,28.0,11.3,0,0,0,47
Jaidon,Anthony,3,1,1241,29,209.1,299.4,263.0,77.2,2,0,2,52
Jordan,Zemura,0,1,1452,31,232.8,269.4,71.0,57.1,5,0,1,42
Will,Dennis,0,0,0,0,0.0,0.0,0.0,0.0,0,0,0,39
Jack,Stephens,0,0,1218,24,57.3,270.0,51.0,38.0,4,0,3,43
Joe,Rothwell,0,1,1010,15,153.3,127.4,27.0,30.6,3,0,1,49
Marcus,Tavernier,5,4,1740,37,348.4,459.8,436.0,124.2,5,0,1,47
James,Hill,0,0,0,0,0.0,0.0,0.0,0.0,0,0,0,44
Darren,Randolph,0,0,0,0,0.0,0.0,0.0,0.0,0,0,0,40
Norberto,Murara Neto,0,0,2385,39,0.0,727.6,0.0,72.8,6,0,4,45
Marcos,Senesi,2,0,2489,55,78.7,586.0,109.0,77.5,5,0,7,44
Christian,Saydee,0,0,0,0,0.0,0.0,0.0,0.0,0,0,0,45
Owen,Bevan,0,0,8,1,0.0,0.2,0.0,0.0,0,0,0,40
Cameron,Plain,0,0,0,0,0.0,0.0,0.0,0.0,0,0,0,40
Daniel,Adu-Adjei,0,0,0,0,0.0,0.0,0.0,0.0,0,0,0,45
Michael,Dacosta Gonzalez,0,0,0,0,0.0,0.0,0.0,0.0,0,0,0,44
Dominic,Sadi,0,0,0,0,0.0,0.0,0.0,0.0,0,0,0,45
Dango,Ouattara,1,3,1239,23,261.0,276.8,274.0,81.0,1,0,1,50
Euan,Pollock,0,0,0,0,0.0,0.0,0.0,0.0,0,0,0,45
Antoine,Semenyo,1,0,250,6,26.5,50.0,32.0,10.7,0,0,0,50
Matías,Viña,2,0,452,10,28.1,156.4,92.0,27.7,1,0,1,45
Illia,Zabarnyi,0,0,297,5,0.9,41.2,0.0,4.1,0,0,0,45
Hamed,Traorè,0,0,425,8,218.5,84.0,36.0,33.8,2,0,0,45
Ben,Greenwood,0,0,0,0,0.0,0.0,0.0,0.0,0,0,0,40
Max,Kinsey-Wellings,0,0,0,0,0.0,0.0,0.0,0.0,0,0,0,40
Pontus,Jansson,1,0,722,14,2.5,176.2,53.0,23.4,2,0,0,42
Christian,Nørgaard,1,6,1763,23,173.7,379.2,269.0,82.3,6,0,6,53
Ivan,Toney,20,4,2953,42,424.3,926.8,1240.0,258.7,10,0,9,71
David,Raya Martin,0,0,3420,46,20.1,1125.4,4.0,115.2,12,0,1,48
Sergi,Canós Tenés,0,0,73,2,13.5,7.0,6.0,2.8,0,0,0,50
Josh,Dasilva,4,2,1371,17,206.1,304.2,182.0,69.2,5,0,1,41
Kristoffer,Ajer,0,0,763,14,24.7,96.8,27.0,15.1,4,0,0,45
Rico,Henry,0,3,3240,46,401.9,444.4,197.0,104.5,11,0,4,44
Vitaly,Janelt,3,1,2201,28,246.1,411.2,223.0,88.1,8,0,3,55
Saman,Ghoddos,0,0,124,5,62.8,27.2,21.0,11.1,0,0,0,48
Mathias,Jensen,5,7,2805,40,787.9,644.0,208.0,164.1,10,0,5,48
Yoane,Wissa,7,4,1587,17,184.5,363.8,414.0,95.5,7,0,3,53
Mads,Roerslev Rasmussen,0,0,1101,12,120.6,167.6,46.0,33.4,5,0,0,43
Mads,Bech Sørensen,0,0,18,0,0.2,2.6,0.0,0.2,0,0,0,45
Ethan,Pinnock,3,0,2700,34,104.9,751.6,279.0,113.8,10,0,0,44
Frank,Onyeka,0,3,837,11,89.9,125.8,106.0,32.3,3,0,0,48
Shandon,Baptiste,0,2,600,6,144.5,107.8,54.0,30.7,1,1,1,45
Bryan,Mbeumo,9,9,2905,39,766.3,662.4,866.0,229.3,10,0,5,57
Charlie,Goode,0,0,0,0,0.0,0.0,0.0,0.0,0,0,0,39
Marcus,Forss,0,0,0,0,0.0,0.0,0.0,0.0,0,0,0,45
Dominic,Thompson,0,0,0,0,0.0,0.0,0.0,0.0,0,0,0,40
Mads,Bidstrup,0,0,0,0,0.0,0.0,0.0,0.0,0,0,0,45
Ellery,Balcombe,0,0,0,0,0.0,0.0,0.0,0.0,0,0,0,40
Aaron,Hickey,0,3,1918,30,119.8,223.6,98.0,44.2,5,0,7,49
Keane,Lewis-Potter,0,1,313,4,64.0,42.0,114.0,21.9,0,0,0,52
Thomas,Strakosha,0,0,0,0,0.0,0.0,0.0,0.0,0,0,0,43
Ben,Mee,3,2,3269,40,92.0,761.4,307.0,116.3,12,0,2,48
Fin,Stevens,0,0,0,0,0.0,0.0,0.0,0.0,0,0,0,40
Halil,Dervişoğlu,0,1,6,0,0.0,0.0,10.0,1.0,0,0,0,45
Mikkel,Damsgaard,0,0,970,14,161.0,137.4,146.0,44.5,3,0,4,50
Mathias,Jorgensen,0,1,1097,15,18.2,189.8,45.0,25.6,4,0,2,39
Ryan,Trevitt,0,0,0,0,0.0,0.0,0.0,0.0,0,0,0,44
Matthew,Cox,0,0,0,0,0.0,0.0,0.0,0.0,0,0,0,39
Tristan,Crama,0,0,0,0,0.0,0.0,0.0,0.0,0,0,0,40
Yegor,Yarmolyuk,0,0,0,0,0.0,0.0,0.0,0.0,0,0,0,45
Kevin,Schade,0,1,723,7,110.4,72.2,205.0,38.7,3,0,2,49
Michael,Olakigbe,0,0,0,0,0.0,0.0,0.0,0.0,0,0,0,45
Adam,Lallana,2,1,717,10,186.7,144.2,152.0,48.5,5,0,0,48
Jason,Steele,0,1,1350,23,13.0,347.6,0.0,36.1,6,0,1,40
Danny,Welbeck,6,5,1844,28,390.6,378.2,782.0,155.4,6,0,0,65
Pascal,Groß,9,8,3240,51,1215.4,888.4,578.0,268.6,11,0,7,54
Lewis,Dunk,1,1,3240,50,163.6,661.4,198.0,102.4,12,0,4,48
Solly,March,6,10,2719,40,965.8,791.8,955.0,271.4,10,0,2,52
Adam,Webster,0,0,1983,27,104.0,354.0,126.0,58.4,9,0,2,45
Joël,Veltman,1,1,2183,29,200.8,406.2,162.0,77.2,10,0,6,46
Robert,Sánchez,0,0,2070,30,0.1,439.0,0.0,43.9,6,0,2,44
Tariq,Lamptey,0,0,439,7,87.2,70.6,48.0,20.6,1,0,1,42
Steven,Alzate,0,0,0,0,0.0,0.0,0.0,0.0,0,0,0,44
Alexis,Mac Allister,10,2,2882,45,729.6,741.0,706.0,217.8,10,0,8,56
Jakub,Moder,0,0,0,0,0.0,0.0,0.0,0.0,0,0,0,44
Enock,Mwepu,0,1,209,4,39.0,48.8,34.0,12.2,0,0,0,53
Jeremy,Sarmiento Morante,0,2,168,2,38.2,46.6,50.0,12.9,1,0,1,45
Moisés,Caicedo Corozo,1,1,3138,47,668.6,582.2,210.0,146.3,10,0,10,50
Taylor,Richards,0,0,0,0,0.0,0.0,0.0,0.0,0,0,0,45
Haydon,Roberts,0,0,0,0,0.0,0.0,0.0,0.0,0,0,0,40
Deniz,Undav,5,2,614,9,105.7,157.6,333.0,59.5,2,0,2,50
Kaoru,Mitoma,7,9,2311,35,567.6,566.8,857.0,198.9,8,0,0,57
Julio,Enciso,4,3,794,12,161.0,255.8,370.0,78.5,4,0,1,46
Kacper,Kozłowski,0,0,0,0,0.0,0.0,0.0,0.0,0,0,0,45
Billy,Gilmour,0,1,502,8,56.5,67.6,33.0,15.8,2,0,1,42
Kjell,Scherpen,0,0,0,0,0.0,0.0,0.0,0.0,0,0,0,40
Matt,Clarke,0,0,0,0,0.0,0.0,0.0,0.0,0,0,0,40
Jan Paul,van Hecke,0,0,291,7,5.5,62.8,10.0,7.9,0,0,2,40
Levi,Colwill,0,2,1218,21,100.7,222.0,50.0,37.4,3,0,1,44
Pervis,Estupiñán,1,7,2674,43,752.9,570.2,295.0,161.3,10,0,4,50
Evan,Ferguson,6,2,942,12,129.1,284.2,350.0,76.5,6,0,1,46
Ed,Turns,0,0,0,0,0.0,0.0,0.0,0.0,0,0,0,40
Andrew,Moran,0,0,11,1,0.0,0.0,0.0,0.0,0,0,0,45
James,Furlong,0,0,0,0,0.0,0.0,0.0,0.0,0,0,0,40
Jack,Hinshelwood,0,0,1,0,0.0,0.0,0.0,0.0,0,0,0,45
Facundo,Buonanotte,1,1,558,12,96.1,87.8,102.0,27.8,1,0,2,45
Yasin,Ayari,0,0,65,2,25.3,5.4,3.0,3.3,0,0,0,45
Odeluga,Offiah,0,0,23,3,1.5,6.2,0.0,0.8,0,0,0,40
Tom,McGill,0,0,0,0,0.0,0.0,0.0,0.0,0,0,0,40
Cameron,Peupion,0,0,5,2,0.3,0.0,5.0,0.5,0,0,0,45
Imari,Samuels,0,0,0,0,0.0,0.0,0.0,0.0,0,0,0,40
Carney,Chukwuemeka,0,0,342,7,69.7,57.6,72.0,19.9,1,0,0,42
Marc,Cucurella Saseta,0,2,1669,20,232.5,354.4,72.0,65.9,6,0,4,49
César,Azpilicueta,0,0,1521,21,206.7,259.2,93.0,55.8,3,0,3,47
Thiago,Emiliano da Silva,0,2,2351,32,86.1,657.2,137.0,88.0,6,0,2,54
Marcos,Alonso,0,0,0,0,0.0,0.0,0.0,0.0,0,0,0,53
Ross,Barkley,0,0,0,0,0.0,0.0,0.0,0.0,0,0,0,49
Mateo,Kovacic,1,2,1699,25,363.8,294.2,114.0,77.5,4,0,8,49
Kepa,Arrizabalaga,0,0,2565,33,0.1,706.2,0.0,70.6,9,0,1,45
N'Golo,Kanté,0,1,517,7,186.9,107.0,58.0,35.2,2,0,1,48
Hakim,Ziyech,0,3,649,7,230.9,155.4,113.0,49.0,2,0,1,55
Ruben,Loftus-Cheek,0,1,1530,23,234.8,206.6,173.0,61.6,5,0,1,50
Timo,Werner,0,0,0,0,0.0,0.0,0.0,0.0,0,0,0,79
Robert Kenedy,Nunes do Nascimento,0,0,0,0,0.0,0.0,0.0,0.0,0,0,0,39
Ben,Chilwell,2,3,1402,19,382.6,283.4,178.0,84.2,4,0,3,56
Christian,Pulisic,1,1,805,11,166.7,117.2,210.0,49.1,3,0,1,56
Trevoh,Chalobah,0,0,1601,24,93.5,283.6,108.0,48.7,5,0,4,44
Mason,Mount,3,4,1644,21,463.1,331.4,376.0,117.2,8,0,4,72
Malang,Sarr,0,0,0,0,0.0,0.0,0.0,0.0,0,0,0,50
Callum,Hudson-Odoi,0,0,0,0,0.0,0.0,0.0,0.0,0,0,0,53
Kai,Havertz,7,1,2565,31,513.3,470.2,1012.0,199.3,9,0,5,74
Reece,James,1,2,1242,17,358.2,292.2,153.0,80.4,2,0,4,58
Edouard,Mendy,0,0,855,14,0.0,200.4,0.0,20.2,1,0,1,48
Conor,Gallagher,3,1,1608,23,343.5,379.8,321.0,104.3,4,1,9,56
Armando,Broja,1,1,285,5,18.2,64.6,113.0,19.7,1,0,0,52
Ethan,Ampadu,0,0,0,0,0.0,0.0,0.0,0.0,0,0,0,44
Wesley,Fofana,1,0,1362,24,59.0,289.2,86.0,43.8,2,0,4,43
Raheem,Sterling,6,4,1886,27,479.8,388.2,603.0,146.8,5,0,4,97
Kalidou,Koulibaly,2,1,1798,22,104.1,497.4,141.0,74.5,6,1,5,55
Harvey,Vale,0,0,0,0,0.0,0.0,0.0,0.0,0,0,0,45
Denis,Zakaria,0,0,409,5,22.6,44.6,24.0,9.2,2,0,0,49
Pierre-Emerick,Aubameyang,1,0,546,8,59.4,55.0,177.0,28.5,1,0,1,84
Marcus,Bettinelli,0,0,0,0,0.0,0.0,0.0,0.0,0,0,0,40
Omari,Hutchinson,0,0,22,0,1.8,1.0,4.0,0.7,0,0,0,42
Lewis,Hall,0,0,653,11,174.3,113.2,119.0,40.7,1,0,1,43
Bashir,Humphreys,0,0,0,0,0.0,0.0,0.0,0.0,0,0,0,45
David Datro,Fofana,0,0,68,1,34.6,15.2,30.0,8.0,0,0,0,50
Benoît,Badiashile,1,0,904,9,49.1,219.8,81.0,35.1,4,0,2,50
João,Félix Sequeira,4,0,936,16,135.2,203.6,287.0,61.9,2,1,1,71
Mykhailo,Mudryk,0,2,650,10,146.4,100.8,140.0,38.2,0,0,1,64
Andrey,Nascimento dos Santos,0,0,0,0,0.0,0.0,0.0,0.0,0,0,0,45
Noni,Madueke,1,0,639,13,131.9,130.8,182.0,44.6,0,0,0,54
Enzo,Fernández,0,2,1547,25,307.3,298.2,64.0,67.1,3,0,3,50
Ethan,Wady,0,0,0,0,0.0,0.0,0.0,0.0,0,0,0,40
Alfie,Gilchrist,0,0,0,0,0.0,0.0,0.0,0.0,0,0,0,40
Albert,Sambi Lokonga,0,0,728,8,57.2,98.4,20.0,17.6,2,0,2,43
Vicente,Guaita,0,0,2430,34,0.0,668.4,0.0,66.8,6,0,1,44
James,Tomkins,1,0,335,10,1.1,90.0,54.0,14.6,0,1,1,39
James,McArthur,0,0,50,0,1.7,6.8,0.0,0.9,0,0,0,48
Christian,Benteke,0,0,0,0,0.0,0.0,0.0,0.0,0,0,0,55
Joel,Ward,1,0,2253,35,164.3,436.2,114.0,71.6,8,0,6,44
Nathaniel,Clyne,0,0,1638,23,124.9,203.6,8.0,33.6,3,0,3,45
Luka,Milivojevic,0,0,500,7,43.6,69.2,17.0,12.7,2,0,2,42
Jordan,Ayew,4,3,2708,41,465.5,490.8,429.0,138.7,8,0,5,52
Wilfried,Zaha,7,2,2289,34,384.8,465.4,848.0,169.4,5,0,5,72
Jeffrey,Schlupp,3,2,2528,38,257.6,404.6,314.0,97.9,9,0,7,47
Will,Hughes,1,1,822,11,102.1,153.2,57.0,31.0,1,0,4,48
Jairo,Riedewald,0,0,60,0,2.6,9.8,4.0,1.5,0,0,0,42
Joachim,Andersen,1,0,2782,37,146.3,641.8,273.0,106.4,8,0,8,45
Odsonne,Edouard,5,2,1788,25,227.7,351.6,544.0,111.5,5,0,3,50
Marc,Guéhi,1,0,3330,46,142.7,688.2,205.0,103.9,9,0,8,45
Jean-Philippe,Mateta,2,0,748,10,67.1,115.8,240.0,41.0,3,0,3,51
Eberechi,Eze,10,5,2631,35,800.4,692.8,597.0,208.9,9,0,3,57
Tyrick,Mitchell,0,2,2889,40,234.0,470.4,135.0,84.3,8,1,5,44
Michael,Olise,2,11,2743,38,1014.6,606.6,462.0,208.8,8,0,2,53
Jesurun,Rak-Sakyi,0,0,0,0,0.0,0.0,0.0,0.0,0,0,0,45
Malcolm,Ebiowei,0,0,31,1,0.9,3.4,4.0,0.9,0,0,0,42
Nathan,Ferguson,0,0,0,0,0.0,0.0,0.0,0.0,0,0,0,39
Sam,Johnstone,0,0,810,10,0.0,155.0,0.0,15.6,3,0,1,44
Remi,Matthews,0,0,0,0,0.0,0.0,0.0,0.0,0,0,0,40
Luke,Plange,0,0,0,0,0.0,0.0,0.0,0.0,0,0,0,45
Cheick,Doucouré,0,3,2770,41,345.8,471.4,157.0,97.6,7,1,8,50
Chris,Richards,0,0,443,11,15.3,92.4,26.0,13.2,1,0,0,44
Joseph,Whitworth,0,0,180,5,0.0,41.8,0.0,4.2,0,0,0,40
Kaden,Rodney,0,0,0,0,0.0,0.0,0.0,0.0,0,0,0,45
Killian,Phillips,0,0,0,0,0.0,0.0,0.0,0.0,0,0,0,45
John-Kymani,Gordon,0,0,0,0,0.0,0.0,0.0,0.0,0,0,0,45
Kofi,Balmer,0,0,0,0,0.0,0.0,0.0,0.0,0,0,0,40
Owen,Goodman,0,0,0,0,0.0,0.0,0.0,0.0,0,0,0,40
Jack,Wells-Morrison,0,0,0,0,0.0,0.0,0.0,0.0,0,0,0,45
David,Ozoh,0,0,1,0,0.8,0.0,0.0,0.1,0,0,0,45
Naouirou,Ahamada,0,0,87,2,13.2,7.4,14.0,3.0,0,0,1,45
Tayo,Adaramola,0,0,0,0,0.0,0.0,0.0,0.0,0,0,0,40
Neal,Maupay,1,0,1104,19,109.9,85.8,429.0,62.2,3,0,4,56
Asmir,Begović,0,0,90,0,0.0,36.0,0.0,3.6,1,0,0,38
Salomón,Rondón,0,0,103,2,26.1,7.4,41.0,7.3,0,0,0,49
Seamus,Coleman,1,0,1654,25,108.7,297.8,95.0,50.4,5,0,1,41
Andros,Townsend,0,0,0,0,0.0,0.0,0.0,0.0,0,0,0,54
Michael,Keane,1,2,983,22,42.6,242.6,131.0,41.7,2,0,0,42
Dele,Alli,0,0,38,1,2.2,0.6,6.0,0.9,0,0,0,53
Jordan,Pickford,0,1,3330,57,23.0,991.2,0.0,101.3,8,0,6,44
Allan,Marques Loureiro,0,0,0,0,0.0,0.0,0.0,0.0,0,0,0,48
André,Tavares Gomes,0,0,0,0,0.0,0.0,0.0,0.0,0,0,0,45
Abdoulaye,Doucouré,5,2,1527,27,261.2,315.8,229.0,80.3,4,1,6,53
Alex,Iwobi,2,8,3379,56,917.7,682.4,366.0,196.7,9,0,2,49
Jean-Philippe,Gbamin,0,0,0,0,0.0,0.0,0.0,0.0,0,0,0,45
Yerry,Mina,2,0,594,9,17.7,176.8,134.0,33.0,1,0,2,43
Demarai,Gray,4,1,2501,39,605.2,410.4,670.0,168.5,7,0,3,51
Tom,Davies,0,0,524,9,46.2,50.4,98.0,19.3,1,0,3,49
Dominic,Calvert-Lewin,2,1,1166,22,122.4,138.4,409.0,66.4,4,0,3,79
Mason,Holgate,0,0,506,9,71.9,90.4,55.0,21.5,2,1,1,42
Ben,Godfrey,0,1,801,18,42.3,146.8,46.0,23.6,1,0,2,43
Vitalii,Mykolenko,0,1,2653,46,307.0,504.8,120.0,93.4,7,0,4,41
Jarrad,Branthwaite,0,0,0,0,0.0,0.0,0.0,0.0,0,0,0,40
Nathan,Patterson,0,0,1274,22,111.9,231.4,108.0,45.3,2,0,3,39
Niels,Nkounkou,0,0,0,0,0.0,0.0,0.0,0.0,0,0,0,40
James,Tarkowski,1,1,3420,57,184.7,1019.6,435.0,164.2,9,0,6,41
Conor,Coady,1,1,2094,28,59.5,392.6,88.0,54.0,7,0,2,47
Rúben,Nascimento Vinagre,0,0,24,0,1.4,7.6,0.0,0.9,0,0,0,43
Dwight,McNeil,7,5,2490,46,726.6,699.4,462.0,189.2,5,0,5,52
Stanley,Mills,0,0,0,0,0.0,0.0,0.0,0.0,0,0,0,43
Lewis,Warrington,0,0,0,0,0.0,0.0,0.0,0.0,0,0,0,44
James,Garner,0,1,796,13,114.6,90.4,57.0,26.5,2,0,3,45
Amadou,Onana,1,3,2486,37,295.1,347.2,280.0,92.0,9,0,9,47
Reece,Welch,0,0,0,0,0.0,0.0,0.0,0.0,0,0,0,40
Idrissa,Gueye,0,1,2577,45,193.7,399.2,61.0,65.3,8,0,7,47
Eldin,Jakupovic,0,0,0,0,0.0,0.0,0.0,0.0,0,0,0,40
Kyle,John,0,0,0,0,0.0,0.0,0.0,0.0,0,0,0,39
Thomas,Cannon,0,0,23,1,11.6,5.0,21.0,3.8,0,0,0,45
Isaac,Price,0,0,32,0,15.6,9.6,0.0,2.5,0,0,1,45
Ellis,Simms,1,0,219,4,39.3,40.8,54.0,13.0,0,0,0,45
Ishé,Samuels-Smith,0,0,0,0,0.0,0.0,0.0,0.0,0,0,0,40
Andy,Lonergan,0,0,0,0,0.0,0.0,0.0,0.0,0,0,0,40
Sean,McAllister,0,0,0,0,0.0,0.0,0.0,0.0,0,0,0,45
Cédric,Alves Soares,0,0,223,3,51.4,56.4,10.0,11.9,0,0,0,42
Bernd,Leno,0,0,3240,51,10.0,1115.8,0.0,112.7,8,0,3,46
Shane,Duffy,0,0,17,4,0.2,0.2,7.0,0.2,0,0,0,42
Tom,Cairney,2,1,968,13,228.2,189.2,204.0,62.4,1,0,2,47
Tim,Ream,1,0,2898,44,65.2,604.2,76.0,74.8,8,0,2,45
Anthony,Knockaert,0,0,0,0,0.0,0.0,0.0,0.0,0,0,0,47
Nathaniel,Chalobah,0,0,11,4,0.6,4.6,17.0,2.3,0,1,0,44
Neeskens,Kebano,0,4,758,10,179.7,119.6,112.0,41.5,3,0,0,54
Bobby,De Cordova-Reid,4,1,2473,40,326.6,365.2,508.0,119.7,8,0,8,54
Joe,Bryan,0,0,0,0,0.0,0.0,0.0,0.0,0,0,0,44
Paulo,Gazzaniga Farias,0,0,0,0,0.0,0.0,0.0,0.0,0,0,0,40
Terence,Kongolo,0,0,0,0,0.0,0.0,0.0,0.0,0,0,0,39
Tosin,Adarabioyo,1,0,2084,39,89.8,495.0,128.0,71.4,3,0,4,44
Aleksandar,Mitrović,14,2,2010,30,216.5,584.8,1141.0,193.1,7,0,7,66
Harrison,Reed,3,4,2868,44,495.6,480.4,266.0,124.2,9,0,5,43
Harry,Wilson,2,5,1085,15,182.1,209.2,173.0,56.4,2,0,1,57
Marek,Rodák,0,0,180,2,0.0,19.0,0.0,1.9,1,0,0,43
Ivan,Neves Abreu Cavaleiro,0,0,0,0,0.0,0.0,0.0,0.0,0,0,0,48
Kenny,Tete,1,5,2569,36,385.6,617.8,110.0,111.6,7,0,8,44
Josh,Onomah,0,0,14,2,0.6,2.0,0.0,0.3,0,0,0,43
Antonee,Robinson,0,2,3088,44,417.6,553.0,57.0,102.9,9,0,8,44
Rodrigo,Muniz Carvalho,0,0,0,0,0.0,0.0,0.0,0.0,0,0,0,54
Jay,Stansfield,0,1,85,2,12.8,8.4,46.0,6.7,0,0,0,45
João,Palhinha Gonçalves,3,0,3108,43,141.8,560.4,336.0,104.2,9,0,14,49
Daniel,James,2,1,802,18,121.4,144.6,218.0,48.1,1,0,0,59
Andreas,Hoelgebaum Pereira,4,10,2696,40,965.0,440.6,495.0,189.3,8,0,8,43
Issa,Diop,1,0,2008,26,27.7,432.6,78.0,53.8,7,0,2,43
Tyrese,Francois,0,0,1,0,0.3,1.0,0.0,0.1,0,0,0,44
Kevin,Mbabu,0,1,141,7,37.7,39.8,0.0,7.8,0,0,1,43
Luke,Harris,0,0,10,1,1.6,0.6,0.0,0.2,0,0,0,43
Manor,Solomon,4,0,560,11,86.0,214.8,107.0,40.8,0,0,0,49
Terry,Ablade,0,0,0,0,0.0,0.0,0.0,0.0,0,0,0,45
Layvin,Kurzawa,0,0,136,4,4.5,20.2,0.0,2.5,0,0,1,43
Willian,Borges da Silva,5,7,2127,22,658.8,430.2,447.0,153.6,9,0,2,55
Carlos Vinícius,Alves Morais,5,2,1098,20,118.3,244.0,370.0,72.7,1,0,3,54
Stefan,Parkes,0,0,0,0,0.0,0.0,0.0,0.0,0,0,0,40
Martial,Godo,0,0,0,0,0.0,0.0,0.0,0.0,0,0,0,45
Kristian,Sekularac,0,0,0,0,0.0,0.0,0.0,0.0,0,0,0,45
Sasa,Lukic,0,0,406,10,16.0,34.2,18.0,6.8,0,0,1,45
George,Wickens,0,0,0,0,0.0,0.0,0.0,0.0,0,0,0,40
Charlie,Robinson,0,0,0,0,0.0,0.0,0.0,0.0,0,0,0,40
Matthew,Dibley-Dias,0,0,0,0,0.0,0.0,0.0,0.0,0,0,0,45
Kasper,Schmeichel,0,0,0,0,0.0,0.0,0.0,0.0,0,0,0,50
Jonny,Evans,0,0,1051,28,20.6,223.8,35.0,27.9,2,0,1,44
Ryan,Bertrand,0,0,0,0,0.0,0.0,0.0,0.0,0,0,0,39
Marc,Albrighton,1,0,232,3,95.2,76.8,43.0,21.4,0,0,0,47
Nampalys,Mendy,1,0,746,13,42.0,115.2,20.0,17.8,0,0,1,42
Jannik,Vestergaard,0,0,0,0,0.0,0.0,0.0,0.0,0,0,0,38
Danny,Ward,0,0,2340,46,0.0,631.4,0.0,63.0,6,0,0,38
Jamie,Vardy,3,5,1841,38,173.5,287.0,451.0,90.6,4,0,1,91
Ricardo,Barbosa Pereira,1,1,451,11,100.2,148.0,25.0,27.3,0,0,2,42
Daniel,Amartey,0,0,1608,27,79.8,358.4,50.0,48.9,5,0,1,39
Timothy,Castagne,2,4,3255,63,377.3,679.8,289.0,135.0,8,0,3,43
Youri,Tielemans,3,3,2341,49,458.3,512.2,190.0,116.2,6,0,4,61
Ayoze,Pérez,0,2,378,5,151.0,65.2,92.0,30.9,1,0,0,47
James,Maddison,10,9,2479,54,970.0,785.4,769.0,252.9,4,0,10,78
Kelechi,Iheanacho,5,5,1112,23,228.9,306.6,437.0,95.7,1,0,0,58
Hamza,Choudhury,0,0,0,0,0.0,0.0,0.0,0.0,0,0,0,45
Harvey,Barnes,13,2,2709,51,305.1,567.4,883.0,175.5,6,0,3,66
Wilfred,Ndidi,0,0,1672,39,73.0,317.6,45.0,43.2,1,0,4,48
Kiernan,Dewsbury-Hall,2,3,2305,41,527.7,446.6,233.0,121.0,7,1,3,49
Çaglar,Söyüncü,1,0,528,13,13.3,174.6,53.0,24.1,0,0,2,42
James,Justin,0,2,1252,25,138.8,208.4,40.0,38.7,5,0,0,41
Boubakary,Soumaré,0,0,1624,30,148.7,236.6,5.0,39.2,6,0,9,44
Luke,Thomas,0,1,1068,20,89.4,166.8,12.0,26.8,2,0,3,39
Patson,Daka,4,4,1169,24,223.6,295.2,440.0,95.1,5,0,2,56
Lewis,Brunt,0,0,22,1,1.0,2.2,0.0,0.3,0,0,0,39
Daniel,Iversen,0,0,1080,22,0.0,255.8,0.0,25.6,1,0,0,39
Dennis,Praet,1,1,635,10,66.9,96.4,64.0,22.7,2,0,1,48
Alex,Smithies,0,0,0,0,0.0,0.0,0.0,0.0,0,0,0,39
Wout,Faes,1,2,2786,51,115.6,662.4,93.0,87.1,7,1,4,42
Sammy,Braybrooke,0,0,0,0,0.0,0.0,0.0,0.0,0,0,0,45
Joe,Wormleighton,0,0,0,0,0.0,0.0,0.0,0.0,0,0,0,40
Kasey,McAteer,0,0,0,0,0.0,0.0,0.0,0.0,0,0,0,45
Victor,Kristiansen,0,1,891,21,119.3,173.2,14.0,30.8,0,0,2,45
Mateus,Cardoso Lemos Martins,1,0,732,15,98.7,84.0,109.0,28.8,0,0,0,49
Harry,Souttar,0,1,991,19,38.9,242.6,65.0,34.6,1,0,2,45
Wanya,Marçal-Madivadua,0,0,0,0,0.0,0.0,0.0,0.0,0,0,0,45
Liam,Cooper,1,0,1425,32,65.2,309.8,145.0,51.7,2,0,5,44
Luke,Ayling,2,1,2048,48,209.3,451.8,264.0,92.8,3,0,3,45
Mateusz,Klich,0,0,266,5,69.3,39.6,50.0,15.2,0,0,2,46
Adam,Forshaw,0,0,473,13,62.0,49.6,0.0,11.3,0,0,0,44
Rodrigo,Moreno,13,2,1928,43,241.1,577.6,853.0,166.5,5,0,6,63
Stuart,Dallas,0,0,0,0,0.0,0.0,0.0,0.0,0,0,0,49
Patrick,Bamford,4,5,1510,31,171.6,252.2,588.0,99.6,1,0,3,71
Diego,Llorente,0,0,648,12,5.8,99.0,40.0,14.6,1,0,1,44
Tyler,Roberts,0,0,0,0,0.0,0.0,0.0,0.0,0,0,0,50
Robin,Koch,0,0,3175,74,72.9,589.2,201.0,86.3,5,0,7,45
Raphael,Dias Belloli,0,0,0,0,0.0,0.0,0.0,0.0,0,0,0,70
Jack,Harrison,5,8,2707,55,791.5,556.2,466.0,181.2,6,0,2,57
Jamie,Shackleton,0,0,0,0,0.0,0.0,0.0,0.0,0,0,0,45
Pascal,Struijk,2,2,2198,52,216.2,544.4,253.0,101.5,4,0,5,45
Kristoffer,Klaesson,0,0,0,0,0.0,0.0,0.0,0.0,0,0,0,38
Sam,Greenwood,1,2,410,11,210.5,121.8,85.0,41.6,0,0,1,41
Illan,Meslier,0,0,3060,67,0.0,738.6,17.0,75.9,5,0,3,44
Junior,Firpo Adames,1,2,1364,33,123.4,286.0,41.0,45.0,1,1,5,45
Crysencio,Summerville,4,4,1411,38,222.6,311.8,357.0,88.6,1,0,4,42
Lewis,Bate,0,0,0,0,0.0,0.0,0.0,0.0,0,0,0,45
Joe,Gelhardt,0,2,201,3,32.1,49.4,114.0,19.4,0,0,1,51
Leo Fuhr,Hjelde,0,0,0,0,0.0,0.0,0.0,0.0,0,0,0,39
Rasmus,Kristensen,3,1,1957,53,143.6,474.4,160.0,78.0,2,0,4,47
Marc,Roca Junqué,1,3,2316,60,475.8,433.6,323.0,123.1,2,0,7,48
Brenden,Aaronson,1,4,2365,58,662.6,306.0,439.0,141.1,5,0,2,53
Darko,Gyabi,0,0,7,0,0.5,4.4,20.0,2.5,0,0,0,42
Tyler,Adams,0,0,2156,36,328.9,393.6,24.0,74.9,5,1,4,49
Luis,Sinisterra Lucumí,5,0,863,23,157.7,242.8,305.0,70.6,0,1,1,65
Cody,Drameh,0,0,70,3,2.7,12.8,0.0,1.6,0,0,0,40
Archie,Gray,0,0,0,0,0.0,0.0,0.0,0.0,0,0,0,45
Joel,Robles,0,0,360,11,0.0,93.2,0.0,9.3,0,0,1,40
Wilfried,Gnonto,2,4,1346,28,323.5,264.8,253.0,84.3,4,0,7,47
Mateo Joseph,Fernández,0,0,24,0,0.2,3.0,19.0,2.2,0,0,0,45
Sonny,Perkins,0,0,0,0,0.0,0.0,0.0,0.0,0,0,0,45
Maximilian,Wöber,0,0,1264,23,65.8,273.4,54.0,39.5,2,0,3,44
Georginio,Rutter,0,1,263,9,38.3,36.2,41.0,11.4,0,0,0,50
Weston,McKennie,0,1,1434,35,201.7,198.8,81.0,48.3,1,0,7,46
Jeremiah,Chilokoa-Mullen,0,0,0,0,0.0,0.0,0.0,0.0,0,0,0,40
Diogo,Pinheiro Monteiro,0,0,0,0,0.0,0.0,0.0,0.0,0,0,0,40
James,Milner,0,1,889,12,207.2,172.8,92.0,47.2,3,0,2,44
Jordan,Henderson,0,3,2060,30,506.1,307.4,174.0,99.1,8,0,2,53
Joel,Matip,1,0,1091,20,49.5,223.4,90.0,36.2,3,0,3,59
Thiago,Alcántara do Nascimento,0,0,1252,23,265.8,244.4,86.0,59.8,2,0,2,51
Alex,Oxlade-Chamberlain,1,0,332,7,66.3,72.4,84.0,22.3,0,0,0,49
Roberto,Firmino,11,4,1202,17,293.2,542.0,792.0,162.8,4,0,0,80
Virgil,van Dijk,3,1,2835,36,121.0,743.2,389.0,125.4,11,0,3,66
Alisson,Ramses Becker,0,1,3330,43,10.1,966.4,0.0,97.6,14,0,1,55
Fabio Henrique,Tavares,0,2,2666,34,302.0,379.2,109.0,79.0,11,0,11,52
Mohamed,Salah,19,13,3290,45,869.9,1046.2,1620.0,353.7,13,0,2,131
Andrew,Robertson,0,8,2579,34,862.1,549.2,211.0,162.3,9,0,3,68
Trent,Alexander-Arnold,2,11,2922,44,1168.2,779.0,241.0,219.0,10,0,5,78
Joseph,Gomez,0,0,1461,16,43.7,297.8,27.0,36.9,8,0,3,43
Naby,Keita,0,0,290,4,92.6,23.8,54.0,16.9,1,0,1,47
Diogo,Teixeira da Silva,7,4,1125,19,237.9,304.2,337.0,87.5,5,0,2,86
Caoimhin,Kelleher,0,0,90,4,0.0,0.0,0.0,0.0,0,0,0,39
Ibrahima,Konaté,0,0,1551,22,39.6,285.6,144.0,46.8,7,0,5,49
Curtis,Jones,3,1,1029,15,214.4,266.2,236.0,71.6,4,0,2,49
Konstantinos,Tsimikas,0,4,762,11,281.7,177.6,124.0,58.5,4,0,3,43
Luis,Díaz,4,2,991,11,176.7,236.2,388.0,80.1,4,0,2,78
Harvey,Elliott,1,2,1600,20,372.3,257.0,363.0,99.4,5,0,2,48
Fábio,Freitas Gouveia Carvalho,2,1,339,3,36.7,89.4,173.0,29.7,0,0,0,51
Darwin,Núñez Ribeiro,9,5,1684,22,336.9,458.2,1078.0,186.0,7,1,1,86
Calvin,Ramsay,0,0,0,0,0.0,0.0,0.0,0.0,0,0,0,39
Adrián,San Miguel del Castillo,0,0,0,0,0.0,0.0,0.0,0.0,0,0,0,38
Rhys,Williams,0,0,0,0,0.0,0.0,0.0,0.0,0,0,0,40
Ben,Davies,0,0,0,0,0.0,0.0,0.0,0.0,0,0,0,40
Sepp,van den Berg,0,0,0,0,0.0,0.0,0.0,0.0,0,0,0,40
Nathaniel,Phillips,0,0,65,1,1.4,15.4,18.0,3.4,0,0,0,38
Luke,Chambers,0,0,0,0,0.0,0.0,0.0,0.0,0,0,0,40
Stefan,Bajcetic,1,0,522,4,61.7,90.2,77.0,22.8,3,0,2,43
Bobby,Clark,0,0,7,0,0.3,0.0,2.0,0.2,0,0,0,45
Harvey,Davies,0,0,0,0,0.0,0.0,0.0,0.0,0,0,0,40
Arthur Henrique,Ramos de Oliveira Melo,0,0,0,0,0.0,0.0,0.0,0.0,0,0,0,48
Ben,Doak,0,0,23,1,1.4,5.6,4.0,1.2,0,0,0,45
Cody,Gakpo,7,3,1455,19,271.1,331.8,415.0,101.3,6,0,0,76
Kyle,Walker,0,0,1953,20,176.2,223.8,39.0,43.8,7,0,3,47
Ilkay,Gündogan,8,6,2351,20,636.9,596.2,597.0,182.7,10,0,0,74
Kevin,De Bruyne,7,18,2413,23,1476.7,897.8,598.0,297.6,10,0,1,121
John,Stones,2,2,1844,17,164.1,396.0,135.0,69.6,7,0,2,56
Riyad,Mahrez,5,12,1913,23,773.4,533.6,520.0,182.5,6,0,2,75
Jack,Grealish,5,10,2051,16,721.3,515.8,683.0,191.7,10,0,4,71
João,Cancelo,2,2,1273,16,266.4,277.0,276.0,81.2,6,1,3,71
Ederson,Santana de Moraes,0,1,3150,32,13.1,479.0,0.0,49.2,11,0,3,54
Nathan,Aké,1,0,1871,15,161.6,383.4,150.0,69.7,9,0,2,50
Aymeric,Laporte,0,0,992,10,107.8,166.2,68.0,34.1,4,0,0,56
Zack,Steffen,0,0,0,0,0.0,0.0,0.0,0.0,0,0,0,40
Bernardo,Veiga de Carvalho e Silva,4,6,2196,24,515.0,492.0,424.0,143.1,7,0,5,67
Rúben,Gato Alves Dias,0,0,1997,16,83.7,416.8,124.0,62.5,9,0,3,60
Phil,Foden,11,7,1832,16,670.8,671.2,712.0,205.4,5,0,1,80
Rodrigo,Hernandez,2,6,2911,26,555.9,716.0,493.0,176.9,11,0,5,56
Cole,Palmer,0,1,358,4,72.4,59.2,97.0,23.1,1,0,1,42
James,McAtee,0,0,0,0,0.0,0.0,0.0,0.0,0,0,0,45
Erling,Haaland,36,9,2767,26,371.0,1390.0,1825.0,358.1,13,0,5,124
Julián,Álvarez,9,3,1448,16,271.1,430.8,545.0,124.7,5,0,0,61
Luke,Mbete-Tabu,0,0,0,0,0.0,0.0,0.0,0.0,0,0,0,39
Josh,Wilson-Esbrand,0,0,0,0,0.0,0.0,0.0,0.0,0,0,0,38
Liam,Delap,0,0,0,0,0.0,0.0,0.0,0.0,0,0,0,44
Stefan,Ortega Moreno,0,0,270,1,0.0,116.8,0.0,11.7,2,0,0,37
Kalvin,Phillips,0,0,291,3,46.5,39.0,19.0,10.5,1,0,1,48
Scott,Carson,0,0,0,0,0.0,0.0,0.0,0.0,0,0,0,38
Rico,Lewis,0,0,900,8,152.4,114.6,40.0,30.7,2,0,1,38
Sergio,Gómez,0,1,340,6,52.8,66.2,24.0,14.3,1,0,0,44
Claudio,Gomes,0,0,0,0,0.0,0.0,0.0,0.0,0,0,0,45
Ben,Knight,0,0,0,0,0.0,0.0,0.0,0.0,0,0,0,45
Manuel,Akanji,0,1,2284,23,146.5,385.6,180.0,71.4,7,0,2,51
Máximo,Perrone,0,0,18,1,2.6,1.0,4.0,0.8,0,0,0,44
Alex,Robertson,0,0,0,0,0.0,0.0,0.0,0.0,0,0,0,45
Shea,Charles,0,0,27,1,0.0,0.0,0.0,0.0,0,0,0,45
Nico,O'Reilly,0,0,0,0,0.0,0.0,0.0,0.0,0,0,0,45
Jack,Butland,0,0,0,0,0.0,0.0,0.0,0.0,0,0,0,44
Cristiano Ronaldo,dos Santos Aveiro,1,0,519,8,83.2,63.8,218.0,35.6,3,0,2,102
David,De Gea Quintana,0,0,3420,43,13.0,792.2,0.0,80.7,17,0,0,51
Phil,Jones,0,0,0,0,0.0,0.0,0.0,0.0,0,0,0,38
Raphaël,Varane,0,0,1912,22,74.0,387.0,124.0,58.8,10,0,1,48
Harry,Maguire,0,0,762,7,20.3,180.6,51.0,25.2,5,0,4,47
Frederico,Rodrigues de Paula Santos,2,3,1228,22,335.9,282.2,213.0,83.0,4,0,6,51
Luke,Shaw,1,4,2552,35,547.7,572.8,118.0,124.2,12,0,8,53
Bruno,Borges Fernandes,8,9,3317,39,1532.3,948.0,948.0,343.1,18,0,6,95
Alex,Telles,0,0,0,0,0.0,0.0,0.0,0.0,0,0,0,50
Marcus,Rashford,17,7,2880,39,459.7,887.8,1427.0,277.6,13,0,2,72
Donny,van de Beek,0,0,162,3,40.2,11.2,54.0,10.5,0,0,0,51
Victor,Lindelöf,0,0,1359,16,53.5,265.0,19.0,33.9,6,0,1,41
Scott,McTominay,1,0,1149,20,122.8,242.2,156.0,51.7,4,0,8,49
Eric,Bailly,0,0,0,0,0.0,0.0,0.0,0.0,0,0,0,40
Jadon,Sancho,6,3,1683,18,543.9,390.6,382.0,131.7,13,0,0,71
Aaron,Wan-Bissaka,0,0,1432,10,221.9,290.4,143.0,65.5,8,0,2,43
Diogo,Dalot Teixeira,1,2,2152,34,418.6,469.4,272.0,116.0,10,0,6,48
Brandon,Williams,0,0,0,0,0.0,0.0,0.0,0.0,0,0,0,37
Anthony,Elanga,0,1,417,2,78.8,52.4,162.0,28.7,2,0,0,46
Anthony,Martial,6,3,970,8,179.0,305.2,376.0,85.4,7,0,0,63
Facundo,Pellistri Rebollo,0,0,60,1,1.7,3.2,2.0,0.6,0,0,0,43
Tom,Heaton,0,0,0,0,0.0,0.0,0.0,0.0,0,0,0,38
Tyrell,Malacia,0,0,1391,14,125.8,206.4,77.0,41.1,7,0,6,42
Christian,Eriksen,1,9,2046,25,564.3,420.8,344.0,132.8,13,0,3,62
Lisandro,Martínez,1,0,2113,33,110.4,571.8,82.0,76.7,9,0,6,44
Amad,Diallo,0,0,0,0,0.0,0.0,0.0,0.0,0,0,0,44
Zidane,Iqbal,0,0,0,0,0.0,0.0,0.0,0.0,0,0,0,42
Alejandro,Garnacho,3,2,557,13,58.5,153.8,266.0,47.9,0,0,3,41
Carlos Henrique,Casimiro,4,3,2122,22,393.0,638.6,278.0,131.1,10,2,7,49
Antony Matheus,dos Santos,4,2,1803,21,421.0,322.0,633.0,137.1,12,0,5,73
Matej,Kovár,0,0,0,0,0.0,0.0,0.0,0.0,0,0,0,40
Kobbie,Mainoo,0,0,10,0,0.8,5.8,6.0,1.3,0,0,0,45
Nathan,Bishop,0,0,0,0,0.0,0.0,0.0,0.0,0,0,0,40
Shola,Shoretire,0,0,0,0,0.0,0.0,0.0,0.0,0,0,0,45
Rhys,Bennett,0,0,0,0,0.0,0.0,0.0,0.0,0,0,0,40
Wout,Weghorst,0,1,790,11,183.7,97.6,140.0,42.1,4,0,1,54
Marcel,Sabitzer,0,1,622,7,138.9,100.4,84.0,32.5,5,0,1,47
Marc,Jurado Gomez,0,0,0,0,0.0,0.0,0.0,0.0,0,0,0,40
Anthony,Gordon,4,0,1574,18,215.3,265.6,517.0,99.8,4,0,7,51
Matt,Ritchie,0,0,35,0,17.2,8.8,2.0,2.8,0,0,0,42
Federico,Fernández,0,0,0,0,0.0,0.0,0.0,0.0,0,0,0,44
Ciaran,Clark,0,0,0,0,0.0,0.0,0.0,0.0,0,0,0,45
Karl,Darlow,0,0,0,0,0.0,0.0,0.0,0.0,0,0,0,39
Martin,Dubravka,0,0,156,1,0.0,29.4,0.0,2.9,1,0,0,41
Callum,Wilson,18,6,1870,16,271.0,720.0,1020.0,200.4,10,0,4,73
Kieran,Trippier,1,9,3342,31,1818.5,904.8,117.0,284.3,16,0,5,60
Dan,Burn,1,0,3109,30,230.4,550.2,265.0,104.8,14,0,5,45
Ryan,Fraser,0,0,308,3,74.0,26.8,70.0,17.2,1,0,1,52
Jamaal,Lascelles,0,0,214,5,0.9,42.6,13.0,5.4,0,0,4,43
Dwight,Gayle,0,0,0,0,0.0,0.0,0.0,0.0,0,0,0,45
Paul,Dummett,0,0,0,0,0.0,0.0,0.0,0.0,0,0,0,39
Javier,Manquillo Gaitán,0,0,34,1,5.5,12.0,2.0,2.0,0,0,0,42
Emil,Krafth,0,0,1,0,0.0,0.0,0.0,0.0,0,0,0,43
Jacob,Murphy,4,2,1230,12,302.5,275.0,410.0,98.9,3,0,0,42
Fabian,Schär,1,3,3207,28,263.9,653.4,521.0,144.1,15,0,7,51
Matt,Targett,0,0,600,6,141.9,97.6,8.0,24.8,3,0,1,47
Allan,Saint-Maximin,1,6,1109,14,344.1,266.4,370.0,98.2,4,0,1,61
Miguel,Almirón Rejala,11,4,2487,22,424.0,599.2,849.0,187.5,15,0,2,54
Sean,Longstaff,1,5,2514,18,372.0,385.2,408.0,116.8,13,0,2,43
Joelinton Cássio,Apolinário de Lira,6,5,2660,26,413.1,603.4,655.0,167.3,11,0,12,60
Jamal,Lewis,0,0,9,1,0.8,1.0,4.0,0.6,0,0,0,44
Joe,Willock,3,7,2556,26,547.0,520.8,680.0,174.9,12,0,1,47
Bruno,Guimarães Rodriguez Moura,4,5,2727,25,631.8,617.6,284.0,153.6,12,0,7,55
Jeff,Hendrick,0,0,0,0,0.0,0.0,0.0,0.0,0,0,0,45
Nick,Pope,0,0,3261,32,20.0,709.6,0.0,72.9,14,1,3,54
Sven,Botman,0,2,3127,30,120.1,554.4,303.0,98.1,13,0,2,45
Elliot,Anderson,0,1,395,7,114.7,70.2,180.0,36.5,1,0,0,43
Harrison,Ashby,0,0,0,0,0.0,0.0,0.0,0.0,0,0,0,38
Alexander,Isak,10,2,1520,20,244.1,475.0,693.0,141.1,4,0,3,70
Loris,Karius,0,0,0,0,0.0,0.0,0.0,0.0,0,0,0,39
Garang,Kuol,0,0,0,0,0.0,0.0,0.0,0.0,0,0,0,45
Lewis,Miley,0,0,14,0,0.0,0.0,0.0,0.0,0,0,0,45
Mark,Gillespie,0,0,0,0,0.0,0.0,0.0,0.0,0,0,0,40
Neco,Williams,1,1,1872,41,257.3,372.2,209.0,84.0,4,0,7,38
Jonjo,Shelvey,0,0,573,11,102.1,55.6,11.0,16.3,1,0,2,48
Chris,Wood,3,0,807,9,82.1,145.2,169.0,39.3,4,0,0,56
Harry,Arter,0,0,0,0,0.0,0.0,0.0,0.0,0,0,0,41
Steve,Cook,0,0,956,21,39.3,177.4,28.0,24.4,2,0,4,43
Lyle,Taylor,0,0,0,0,0.0,0.0,0.0,0.0,0,0,0,41
Jack,Colback,0,0,492,11,33.7,62.0,2.0,9.9,0,0,0,41
Brice,Samba,0,0,0,0,0.0,0.0,0.0,0.0,0,0,0,45
Carlos,Ribeiro Dias,0,0,6,0,0.1,2.4,0.0,0.3,0,0,0,42
Joe,Lolley,0,0,0,0,0.0,0.0,0.0,0.0,0,0,0,49
Scott,McKenna,0,0,1570,32,93.9,278.8,46.0,41.8,5,0,4,44
Mohamed,Dräger,0,0,0,0,0.0,0.0,0.0,0.0,0,0,0,40
Ryan,Yates,0,3,1833,36,97.3,206.8,233.0,53.1,5,0,5,50
Joe,Worrall,1,0,2215,44,66.4,471.0,92.0,62.5,5,0,6,42
Jonathan,Panzo,0,0,0,0,0.0,0.0,0.0,0.0,0,0,0,40
Xande,Nascimento da Costa Silva,0,0,0,0,0.0,0.0,0.0,0.0,0,0,0,50
Sam,Surridge,1,0,306,5,15.9,59.4,92.0,15.7,0,0,2,46
Richie,Laryea,0,0,0,0,0.0,0.0,0.0,0.0,0,0,0,45
Loïc,Mbe Soh,0,0,0,0,0.0,0.0,0.0,0.0,0,0,0,42
Brennan,Johnson,8,5,2930,54,373.6,478.2,729.0,157.4,7,0,6,55
Alex,Mighten,0,0,7,0,0.3,0.0,0.0,0.0,0,0,0,49
Braian,Ojeda Rodríguez,0,0,0,0,0.0,0.0,0.0,0.0,0,0,0,45
Taiwo,Awoniyi,10,1,1395,29,129.6,375.8,378.0,87.8,5,0,2,56
Dean,Henderson,0,0,1620,31,0.0,474.4,0.0,47.5,6,0,2,46
Giulian,Biancone,0,0,15,1,0.0,6.8,0.0,0.7,0,0,0,42
Willy,Boly,0,1,684,10,11.8,145.0,24.0,18.3,3,0,2,41
Morgan,Gibbs-White,5,12,3151,61,941.1,593.4,624.0,215.7,8,0,6,55
Moussa,Niakhaté,0,0,1163,22,14.8,173.4,61.0,24.9,2,0,1,43
Omar,Richards,0,0,0,0,0.0,0.0,0.0,0.0,0,0,0,44
Wayne,Hennessey,0,0,271,5,0.0,62.2,0.0,6.3,0,0,0,39
Harry,Toffolo,0,0,933,17,93.5,147.0,67.0,30.6,2,0,2,43
Lewis,O'Brien,1,0,578,14,56.4,107.8,47.0,21.1,1,0,2,47
Jesse,Lingard,0,1,918,17,151.9,50.6,127.0,32.9,5,0,1,54
Orel,Mangala,1,1,1543,24,61.6,191.4,75.0,32.8,5,0,3,49
Oliver,Hammond,0,0,0,0,0.0,0.0,0.0,0.0,0,0,0,42
Remo,Freuler,0,0,2157,47,174.7,272.2,54.0,50.3,6,0,4,49
Cheikhou,Kouyaté,1,0,871,23,82.8,158.8,81.0,32.2,2,0,3,44
Emmanuel,Dennis,2,2,709,17,96.8,166.4,286.0,54.6,1,0,3,56
Renan Augusto,Lodi dos Santos,0,2,2211,48,208.2,319.0,97.0,62.5,5,0,7,43
Loïc,Badé,0,0,0,0,0.0,0.0,0.0,0.0,0,0,0,45
Serge,Aurier,1,0,1943,31,164.1,431.0,112.0,70.9,6,0,2,43
Dale,Taylor,0,0,0,0,0.0,0.0,0.0,0.0,0,0,0,45
Jordan,Smith,0,0,0,0,0.0,0.0,0.0,0.0,0,0,0,40
Gustavo Henrique,Furtado Scarpa,0,0,177,1,17.3,15.0,25.0,5.7,0,0,1,46
Danilo,dos Santos de Oliveira,3,2,976,18,108.1,253.8,113.0,47.1,1,0,1,45
Keylor,Navas,0,0,1530,32,0.0,387.6,0.0,38.7,2,0,2,45
Felipe Augusto,de Almeida Monteiro,0,1,1417,32,79.5,379.0,130.0,59.0,1,0,4,45
André,Ayew,0,0,306,10,17.1,34.0,53.0,10.5,0,0,1,50
George,Shelvey,0,0,0,0,0.0,0.0,0.0,0.0,0,0,0,40
Ainsley,Maitland-Niles,0,1,1400,31,159.2,280.2,23.0,46.0,3,0,3,48
Roméo,Lavia,1,1,2219,50,247.1,344.8,46.0,64.2,4,0,9,45
Theo,Walcott,2,2,1123,30,159.1,164.6,199.0,52.1,2,0,1,48
Alex,McCarthy,0,0,540,17,0.0,84.2,0.0,8.4,0,0,0,43
Oriol,Romeu Vidal,0,0,74,4,3.8,6.2,2.0,1.2,0,0,0,48
Nathan,Redmond,0,0,1,0,0.0,0.0,0.0,0.0,0,0,0,53
Stuart,Armstrong,2,2,1391,34,282.8,234.2,267.0,78.6,1,0,6,47
Mohamed,Elyounoussi,1,1,2162,45,297.2,285.0,388.0,96.8,2,0,4,51
James,Ward-Prowse,9,4,3371,72,1162.9,880.4,319.0,236.3,4,0,6,61
Adam,Armstrong,2,1,1321,24,148.8,142.0,275.0,55.6,1,0,2,53
Kyle,Walker-Peters,1,0,2650,58,277.9,403.4,198.0,87.9,3,0,4,44
Jan,Bednarek,0,0,1770,40,38.4,415.0,43.0,49.7,3,0,5,41
Che,Adams,5,5,1987,41,336.4,340.4,583.0,124.6,4,0,1,60
Nathan,Tella,0,0,0,0,0.0,0.0,0.0,0.0,0,0,0,50
Lyanco,Silveira Neves Vojnovic,1,1,1173,26,52.8,281.6,114.0,45.0,0,0,4,44
Yan,Valery,0,0,45,2,0.9,4.0,0.0,0.5,0,0,0,40
Will,Smallbone,0,0,0,0,0.0,0.0,0.0,0.0,0,0,0,45
Ibrahima,Diallo,0,0,813,19,66.0,85.4,28.0,17.7,0,0,4,41
Romain,Perraud,2,2,1828,35,251.8,360.6,298.0,90.9,4,0,4,40
Moussa,Djenepo,0,2,702,14,123.2,141.8,70.0,33.7,0,0,1,49
Tino,Livramento,0,0,26,0,0.0,5.8,0.0,0.6,0,0,0,44
Mohammed,Salisu,0,1,1971,41,109.7,537.4,167.0,81.5,1,0,5,42
Mateusz,Lis,0,0,0,0,0.0,0.0,0.0,0.0,0,0,0,40
Gavin,Bazunu,0,0,2880,56,10.0,633.0,0.0,64.2,4,0,0,44
Armel,Bella-Kotchap,0,2,1881,39,76.4,422.4,105.0,60.6,3,0,4,45
Willy,Caballero,0,0,0,0,0.0,0.0,0.0,0.0,0,0,0,38
Joe,Ayodele-Aribo,2,0,1219,24,137.1,209.6,366.0,71.5,1,0,2,50
Sékou,Mara,1,2,538,10,77.5,104.8,169.0,33.9,0,0,1,53
Juan,Larios López,0,0,150,2,7.8,27.6,4.0,3.9,0,0,0,40
Duje,Caleta-Car,1,0,942,15,16.2,262.4,69.0,34.9,1,0,2,44
Samuel,Edozie,0,0,554,9,110.3,89.2,133.0,33.2,1,0,0,46
Lewis,Payne,0,0,0,0,0.0,0.0,0.0,0.0,0,0,0,45
Ryan,Finnigan,0,0,0,0,0.0,0.0,0.0,0.0,0,0,0,45
Jimmy,Morgan,0,0,0,0,0.0,0.0,0.0,0.0,0,0,0,45
Mislav,Orsic,0,0,6,0,0.3,2.0,0.0,0.2,0,0,0,51
Carlos,Alcaraz,4,2,1024,25,64.4,199.0,190.0,45.1,0,0,3,50
James,Bree,0,0,366,12,65.3,49.2,4.0,11.7,0,0,1,45
Kamaldeen,Sulemana,2,1,959,20,175.5,105.2,164.0,44.5,3,0,1,49
Paul,Onuachu,0,0,401,7,52.8,30.2,126.0,20.6,1,0,0,53
Kamari,Doyle,0,0,6,0,0.3,0.0,0.0,0.0,0,0,0,45
Dominic,Ballard,0,0,24,0,0.3,1.0,0.0,0.1,0,0,0,45
Samuel,Amo-Ameyaw,0,0,3,0,0.0,0.0,0.0,0.0,0,0,0,45
Hugo,Lloris,0,0,2205,39,0.0,540.0,0.0,54.0,7,0,0,54
Fraser,Forster,0,0,1215,24,0.0,256.8,0.0,25.8,3,0,1,39
Harry,Kane,30,9,3406,62,744.8,1256.6,1707.0,371.0,11,0,6,115
Son,Heung-min,10,6,2886,55,829.3,709.2,910.0,244.7,9,0,2,115
Matt,Doherty,1,0,663,9,110.5,147.0,146.0,40.3,3,0,0,46
Eric,Dier,2,1,2816,52,112.3,653.2,235.0,100.1,9,0,3,50
Lucas,Rodrigues Moura da Silva,1,0,145,5,55.8,29.0,43.0,12.7,0,1,0,58
Ben,Davies,2,3,2284,33,276.9,407.8,172.0,85.8,9,0,4,47
Pierre-Emile,Højbjerg,4,5,3131,57,501.7,758.0,237.0,150.0,10,0,5,53
Harry,Winks,0,0,0,0,0.0,0.0,0.0,0.0,0,0,0,44
Davinson,Sánchez,0,0,848,17,29.9,180.6,52.0,26.3,2,0,1,42
Ryan,Sessegnon,2,1,805,15,103.0,148.6,290.0,54.3,1,0,4,44
Steven,Bergwijn,0,0,0,0,0.0,0.0,0.0,0.0,0,0,0,55
Sergio,Reguilón,0,0,0,0,0.0,0.0,0.0,0.0,0,0,0,42
Japhet,Tanganga,0,0,145,5,6.2,27.6,0.0,3.3,0,0,0,38
Rodrigo,Bentancur,5,2,1501,24,180.2,489.6,236.0,90.7,6,0,8,53
Oliver,Skipp,1,0,1489,28,146.1,198.2,52.0,39.8,4,0,7,43
Joe,Rodon,0,0,0,0,0.0,0.0,0.0,0.0,0,0,0,40
Cristian,Romero,0,2,2363,41,136.2,546.2,91.0,77.3,8,1,9,49
Yves,Bissouma,0,0,998,20,135.0,111.0,23.0,26.8,1,0,6,47
Emerson,Leite de Souza Junior,2,2,1729,27,178.9,376.2,230.0,78.7,7,1,2,48
Dejan,Kulusevski,2,7,2062,40,627.6,409.2,514.0,154.7,8,0,2,78
Dane,Scarlett,0,0,0,0,0.0,0.0,0.0,0.0,0,0,0,45
Ivan,Perišić,1,8,2099,44,732.8,517.8,394.0,164.2,6,0,6,53
Harvey,White,0,0,4,0,7.3,2.0,0.0,0.9,0,0,0,44
Pape Matar,Sarr,0,1,211,11,16.0,30.4,4.0,5.0,0,0,1,42
Brandon,Austin,0,0,0,0,0.0,0.0,0.0,0.0,0,0,0,39
Alfie,Devine,0,0,0,0,0.0,0.0,0.0,0.0,0,0,0,43
Troy,Parrott,0,0,0,0,0.0,0.0,0.0,0.0,0,0,0,45
Richarlison,de Andrade,1,5,995,18,221.0,201.6,401.0,82.0,3,0,3,84
Clément,Lenglet,0,2,2018,35,136.1,380.8,130.0,64.7,5,0,4,48
Djed,Spence,0,0,5,0,1.3,0.2,20.0,2.2,0,0,0,41
Bryan,Gil Salvatierra,0,1,146,1,27.5,30.4,27.0,8.5,1,0,1,50
Arnaut,Danjuma,1,0,162,5,25.1,53.2,71.0,14.8,0,0,0,61
Pedro,Porro,3,3,1132,26,377.9,268.6,150.0,79.6,2,0,0,48
Romaine,Mundle,0,0,0,0,0.0,0.0,0.0,0.0,0,0,0,45
George,Abbott,0,0,1,0,0.0,0.0,0.0,0.0,0,0,0,45
Matthew,Craig,0,0,13,0,0.0,0.0,0.0,0.0,0,0,0,45
Yago,de Santiago Alonso,0,0,0,0,0.0,0.0,0.0,0.0,0,0,0,45
Danny,Ings,8,2,1579,26,186.0,398.4,604.0,118.6,5,0,4,63
Lukasz,Fabianski,0,0,3111,48,0.0,755.6,0.0,75.4,9,0,1,49
Angelo,Ogbonna,0,0,1234,19,35.2,212.8,24.0,27.4,4,0,0,44
Aaron,Cresswell,0,1,2235,32,632.9,411.6,81.0,113.0,6,0,3,47
Michail,Antonio,5,3,1822,29,207.7,305.8,559.0,107.0,5,0,2,69
Manuel,Lanzini,1,0,243,5,21.9,50.6,37.0,10.8,0,0,0,50
Kurt,Zouma,2,1,1988,29,18.7,415.0,239.0,67.4,7,0,0,44
Arthur,Masuaku,0,0,0,0,0.0,0.0,0.0,0.0,0,0,0,45
Vladimir,Coufal,0,2,2135,35,330.5,361.6,54.0,74.9,4,0,5,40
Saïd,Benrahma,6,3,2059,32,613.9,510.0,653.0,177.7,6,0,0,55
Jarrod,Bowen,6,9,3232,50,674.8,625.8,1076.0,237.9,9,0,2,80
Nikola,Vlasic,0,0,0,0,0.0,0.0,0.0,0.0,0,0,0,50
Declan,Rice,4,3,3272,50,522.4,777.6,226.0,152.7,9,0,5,47
Tomas,Soucek,2,4,2811,42,230.1,565.6,472.0,127.1,8,0,3,50
Pablo,Fornals Malla,3,1,1493,28,281.0,226.6,182.0,68.7,1,0,0,49
Ben,Johnson,0,0,860,13,76.8,161.6,20.0,25.9,2,0,0,44
Nayef,Aguerd,2,0,1594,28,67.5,404.4,113.0,58.5,5,0,4,48
Alphonse,Areola,0,0,307,7,0.0,69.4,0.0,6.8,0,0,0,43
Flynn,Downes,0,0,752,14,28.9,55.8,51.0,13.4,1,0,2,42
Gianluca,Scamacca,3,0,921,12,160.7,151.8,312.0,62.0,3,0,3,66
Emerson,Palmieri dos Santos,1,0,1317,28,188.8,224.8,178.0,59.4,2,0,2,40
Conor,Coventry,0,0,1,0,0.0,0.0,0.0,0.0,0,0,0,44
Armstrong,Oko-Flex,0,0,0,0,0.0,0.0,0.0,0.0,0,0,0,44
Maxwel,Cornet,0,0,232,5,28.7,27.2,62.0,11.3,0,0,0,59
Thilo,Kehrer,0,3,2229,34,126.2,347.6,83.0,56.0,5,0,4,43
Lucas,Tolentino Coelho de Lima,4,5,2154,39,446.5,496.8,473.0,142.0,6,0,5,59
Divin,Mubama,0,0,36,0,11.4,2.4,0.0,1.4,0,0,0,45
Joseph,Anang,0,0,0,0,0.0,0.0,0.0,0.0,0,0,0,40
Krisztián,Hegyi,0,0,0,0,0.0,0.0,0.0,0.0,0,0,0,39
Kaelan,Casey,0,0,0,0,0.0,0.0,0.0,0.0,0,0,0,40
Craig,Dawson,1,1,2134,31,37.2,455.6,145.0,64.0,7,0,6,48
Raúl,Jiménez,0,2,839,18,116.0,74.6,273.0,46.3,2,0,0,65
Jonathan,Castro Otto,1,0,1257,21,118.2,233.2,83.0,43.7,5,1,3,43
José,Malheiro de Sá,0,0,3240,55,0.0,845.6,0.0,84.7,11,0,2,50
Rúben,da Silva Neves,6,2,3020,48,474.7,788.8,347.0,161.0,10,0,12,52
Hwang,Hee-chan,3,2,1117,18,138.8,194.0,242.0,57.5,3,0,1,57
Nélson,Cabral Semedo,0,1,2633,43,226.5,443.4,79.0,74.4,8,1,11,50
Daniel,Castelo Podence,6,1,1760,31,512.8,376.0,580.0,146.8,6,0,5,51
Max,Kilman,0,1,3307,56,66.9,739.8,106.0,91.6,11,0,3,43
Luke,Cundle,0,0,0,0,0.0,0.0,0.0,0.0,0,0,0,44
Pedro,Lomba Neto,0,2,962,15,309.5,96.8,203.0,60.9,5,0,1,49
Rayan,Aït-Nouri,1,0,1067,18,130.5,195.0,156.0,48.3,4,0,4,41
Fabio,Silva,0,0,0,0,0.0,0.0,0.0,0.0,0,0,0,55
Toti António,Gomes,1,0,978,14,74.3,225.2,65.0,36.5,4,0,6,39
Francisco Jorge,Tomás Oliveira,0,0,0,0,0.0,0.0,0.0,0.0,0,0,0,50
Adama,Traoré Diarra,2,4,1477,30,370.0,253.6,258.0,87.9,2,0,2,53
Matija,Šarkić,0,0,0,0,0.0,0.0,0.0,0.0,0,0,0,39
Yerson,Mosquera Valdelamar,0,0,0,0,0.0,0.0,0.0,0.0,0,0,0,39
João Filipe Iria,Santos Moutinho,0,2,1773,28,537.7,309.8,142.0,99.2,6,0,3,46
Nathan,Collins,0,0,1811,37,37.9,419.0,29.0,48.9,4,1,2,42
Jackson,Smith,0,0,0,0,0.0,0.0,0.0,0.0,0,0,0,39
Hugo,Bueno López,0,1,1307,29,254.8,221.2,74.0,55.3,3,0,1,38
Joseph,Hodge,0,0,172,5,16.2,14.4,26.0,5.7,0,0,1,43
Connor,Ronan,0,0,1,0,0.4,0.6,0.0,0.1,0,0,0,44
Chem,Campbell,0,0,68,2,3.0,5.6,16.0,2.4,0,0,0,44
Gonçalo Manuel,Ganchinho Guedes,1,1,703,12,139.6,89.4,223.0,45.1,2,0,1,58
Matheus Luiz,Nunes,1,1,2467,38,405.0,370.2,310.0,108.6,11,1,2,48
Sasa,Kalajdzic,0,0,45,0,0.0,0.0,9.0,0.7,0,0,0,53
Diego,Da Silva Costa,1,0,1235,17,144.3,96.8,504.0,73.3,6,1,5,53
Boubacar,Traoré,0,1,405,9,16.6,49.6,7.0,7.4,0,0,2,43
Nathan,Fraser,0,0,0,0,0.0,0.0,0.0,0.0,0,0,0,45
Harvey,Griffiths,0,0,0,0,0.0,0.0,0.0,0.0,0,0,0,44
Dexter,Lembikisa,0,0,22,1,0.8,1.4,0.0,0.2,0,0,0,40
Matheus,Santos Carneiro Da Cunha,2,0,961,12,95.1,143.0,217.0,45.1,5,0,1,53
Mario,Lemina,0,1,1297,28,65.0,200.4,36.0,30.1,5,1,2,45
Pablo,Sarabia,1,0,764,9,184.7,92.0,157.0,43.0,3,0,3,49
Daniel,Bentley,0,0,180,3,0.0,70.2,0.0,7.0,0,0,0,40
João Victor,Gomes da Silva,1,0,649,18,72.0,133.0,46.0,24.9,2,0,5,45
