first_name,second_name,goals_scored,assists,minutes,goals_conceded,creativity,influence,threat,ict_index,clean_sheets,red_cards,yellow_cards,now_cost,element_type
Granit,Xhaka,7,8,2992,35,673.3,647.0,498.0,182.0,13,0,4,48,MID
Mohamed,Elneny,0,0,111,2,5.4,4.6,0.0,1.1,0,0,0,41,MID
Rob,Holding,1,0,562,13,10.3,152.0,54.0,21.6,0,0,0,42,DEF
Thomas,Partey,3,0,2480,28,439.6,513.2,240.0,119.5,11,0,5,47,MID
Martin,Ødegaard,15,8,3132,38,1100.4,960.0,920.0,298.3,13,0,4,69,MID
Kieran,Tierney,0,1,774,10,85.5,144.0,67.0,29.9,1,0,0,46,DEF
Nicolas,Pépé,0,0,0,0,0.0,0.0,0.0,0.0,0,0,0,53,MID
Benjamin,White,2,5,3054,35,491.2,649.0,159.0,130.0,15,0,5,50,DEF
Eddie,Nketiah,4,2,1071,16,128.2,213.4,598.0,93.1,2,0,3,63,FWD
Emile,Smith Rowe,0,2,161,5,64.3,36.6,39.0,13.8,0,0,0,56,MID
Bukayo,Saka,14,12,3183,42,1091.8,972.2,1164.0,322.8,12,0,6,80,MID
Takehiro,Tomiyasu,0,1,651,11,86.6,137.0,55.0,27.7,2,0,2,42,DEF
Aaron,Ramsdale,0,0,3420,43,0.0,761.4,0.0,76.2,14,0,1,48,GK
Gabriel,dos Santos Magalhães,3,0,3409,43,129.7,733.8,401.0,126.5,14,0,5,52,DEF
Nuno,Varela Tavares,0,0,0,0,0.0,0.0,0.0,0.0,0,0,0,45,DEF
Gabriel,Martinelli Silva,15,9,2789,33,838.1,844.2,1300.0,298.1,14,0,3,65,MID
Pablo,Marí Villar,0,0,0,0,0.0,0.0,0.0,0.0,0,0,0,45,DEF
Lucas,Torreira di Pascua,0,0,0,0,0.0,0.0,0.0,0.0,0,0,0,45,MID
Reiss,Nelson,3,3,202,3,99.2,169.8,155.0,42.4,1,0,0,47,MID
Matt,Turner,0,0,0,0,0.0,0.0,0.0,0.0,0,0,0,38,GK
Fábio,Ferreira Vieira,1,2,500,5,180.1,115.2,123.0,41.4,2,0,0,56,MID
William,Saliba,2,1,2415,25,100.8,529.0,114.0,74.5,12,0,4,49,DEF
Marcus,Oliveira Alencar,0,0,1,0,0.2,0.0,0.0,0.0,0,0,0,46,MID
Gabriel,Fernando de Jesus,11,7,2064,23,407.3,594.2,1282.0,228.3,9,0,6,81,FWD
Leandro,Trossard,8,13,2237,38,687.1,620.0,859.0,216.6,8,0,1,66,MID
Jorge Luiz,Frello Filho,2,2,2127,23,254.1,386.4,97.0,73.9,9,0,4,57,MID
Oleksandr,Zinchenko,1,2,2122,28,387.7,405.0,190.0,98.3,10,0,3,50,DEF
Matthew,Smith,0,0,0,0,0.0,0.0,0.0,0.0,0,0,0,44,MID
Ethan,Nwaneri,0,0,1,0,0.0,0.0,0.0,0.0,0,0,0,45,MID
Lino,Sousa,0,0,0,0,0.0,0.0,0.0,0.0,0,0,0,40,DEF
Karl,Hein,0,0,0,0,0.0,0.0,0.0,0.0,0,0,0,39,GK
Amario,Cozier-Duberry,0,0,0,0,0.0,0.0,0.0,0.0,0,0,0,45,MID
Nathan,Butler-Oyedeji,0,0,0,0,0.0,0.0,0.0,0.0,0,0,0,45,FWD
Jakub,Kiwior,1,0,425,6,4.1,53.6,4.0,6.3,2,0,0,40,DEF
Reuell,Walters,0,0,0,0,0.0,0.0,0.0,0.0,0,0,0,40,DEF
Mauro,Bandeira,0,0,0,0,0.0,0.0,0.0,0.0,0,0,0,45,MID
Philippe,Coutinho Correia,1,0,777,9,152.5,119.2,218.0,48.8,3,0,3,66,MID
Emiliano,Martínez Romero,0,0,3139,38,23.0,813.0,0.0,83.5,11,0,7,50,GK
Calum,Chambers,0,0,345,4,29.8,74.4,8.0,11.1,0,0,2,42,DEF
Lucas,Digne,1,0,1492,25,293.3,271.4,92.0,65.8,3,0,5,45,DEF
Bertrand,Traoré,2,0,226,1,30.7,82.0,79.0,19.0,1,0,1,49,MID
Robin,Olsen,0,0,280,8,0.0,83.2,0.0,8.2,1,0,0,39,GK
Morgan,Sanson,0,0,10,1,0.5,4.2,0.0,0.4,0,0,0,43,MID
John,McGinn,1,5,2692,31,349.2,375.0,326.0,105.1,10,0,7,51,MID
Kortney,Hause,0,0,0,0,0.0,0.0,0.0,0.0,0,0,0,44,DEF
Tyrone,Mings,1,3,3150,40,87.7,657.2,121.0,87.0,12,0,7,47,DEF
Ollie,Watkins,15,8,3129,40,408.5,792.0,1268.0,247.0,13,0,4,73,FWD
Marvelous,Nakamba,0,0,0,0,0.0,0.0,0.0,0.0,0,0,0,43,MID
Emiliano,Buendía Stati,5,3,2404,34,546.3,438.2,580.0,156.6,11,0,0,57,MID
Matty,Cash,0,2,1817,29,178.0,298.4,67.0,54.4,4,0,4,46,DEF
Ezri,Konsa Ngoyo,0,0,3322,45,116.1,560.4,72.0,74.9,12,0,6,44,DEF
Leon,Bailey,4,5,1964,32,439.1,334.2,532.0,130.1,8,0,4,43,MID
Douglas Luiz,Soares de Paulo,6,7,2922,35,655.4,661.6,242.0,155.8,13,1,6,48,MID
Jacob,Ramsey,6,8,2634,33,496.7,607.2,424.0,152.8,11,0,5,51,MID
Tim,Iroegbunam,0,0,0,0,0.0,0.0,0.0,0.0,0,0,0,45,MID
Diego Carlos,Santos Silva,0,0,205,3,13.2,24.8,32.0,7.0,0,0,0,47,DEF
Anwar,El Ghazi,0,0,0,0,0.0,0.0,0.0,0.0,0,0,0,48,MID
Keinan,Davis,0,0,0,0,0.0,0.0,0.0,0.0,0,0,0,54,FWD
Boubacar,Kamara,0,1,1773,30,123.4,275.8,39.0,43.9,3,0,4,48,MID
Cameron,Archer,0,0,43,1,2.4,1.8,6.0,0.9,0,0,0,42,FWD
Jaden,Philogene-Bidace,0,0,0,0,0.0,0.0,0.0,0.0,0,0,0,45,MID
Frédéric,Guilbert,0,0,0,0,0.0,0.0,0.0,0.0,0,0,0,39,DEF
Leander,Dendoncker,0,0,897,14,96.1,143.4,64.0,30.6,4,0,0,47,MID
Ludwig,Augustinsson,0,0,76,0,1.9,5.6,35.0,4.2,0,0,1,43,DEF
Kaine,Kesler Hayden,0,0,0,0,0.0,0.0,0.0,0.0,0,0,0,40,DEF
Ashley,Young,1,0,2031,28,223.4,380.2,81.0,68.7,9,0,7,43,DEF
Lamare,Bogarde,0,0,0,0,0.0,0.0,0.0,0.0,0,0,0,40,DEF
Filip,Marschall,0,0,0,0,0.0,0.0,0.0,0.0,0,0,0,40,GK
Kadan,Young,0,0,0,0,0.0,0.0,0.0,0.0,0,0,0,45,MID
Alexandre,Moreno Lopera,0,3,1325,10,321.1,254.4,151.0,72.3,7,0,3,45,DEF
Viljami,Sinisalo,0,0,0,0,0.0,0.0,0.0,0.0,0,0,0,40,GK
Jhon,Durán,0,0,126,4,13.4,12.8,51.0,7.4,0,0,1,55,FWD
Sil,Swinkels,0,0,0,0,0.0,0.0,0.0,0.0,0,0,0,40,DEF
Oliwier,Zych,0,0,0,0,0.0,0.0,0.0,0.0,0,0,0,40,GK
James,Wright,0,0,0,0,0.0,0.0,0.0,0.0,0,0,0,40,GK
Sebastian,Revan,0,0,0,0,0.0,0.0,0.0,0.0,0,0,0,40,DEF
Travis,Patterson,0,0,0,0,0.0,0.0,0.0,0.0,0,0,0,45,MID
Tommi,O'Reilly,0,0,0,0,0.0,0.0,0.0,0.0,0,0,0,45,MID
Adam,Smith,0,1,2940,58,261.6,406.2,88.0,75.7,7,0,11,43,DEF
Junior,Stanislas,0,0,58,1,22.9,10.0,7.0,3.9,0,0,0,48,MID
Ryan,Fredericks,0,0,527,11,26.7,66.0,12.0,10.6,0,0,1,44,DEF
David,Brooks,0,0,170,4,16.4,13.6,31.0,6.0,0,0,1,53,MID
Jamal,Lowe,0,0,11,0,0.3,0.2,0.0,0.1,0,0,0,52,MID
Kieffer,Moore,4,0,1269,34,89.6,216.2,272.0,57.3,3,0,1,49,FWD
Emiliano,Marcondes,0,0,8,1,0.0,1.2,0.0,0.1,0,0,0,47,MID
Jefferson,Lerma Solís,5,0,3252,67,293.6,616.6,311.0,122.1,7,0,7,47,MID
Jack,Stacey,0,0,293,10,8.6,44.2,8.0,6.0,0,0,2,42,DEF
Dominic,Solanke,6,10,2865,52,279.9,524.8,1046.0,184.4,8,0,2,56,FWD
Lewis,Cook,0,2,1712,39,352.5,313.0,45.0,71.2,3,0,4,49,MID
Ben,Pearson,0,0,282,10,6.4,21.0,9.0,3.7,1,0,1,44,MID
Ryan,Christie,1,2,1825,35,421.7,282.0,400.0,110.5,3,0,2,53,MID
Philip,Billing,7,2,2766,54,388.8,622.0,441.0,145.2,9,0,5,50,MID
Chris,Mepham,0,0,2197,52,54.4,556.4,134.0,74.4,5,0,7,43,DEF
Mark,Travers,0,0,1035,32,0.0,253.0,0.0,25.4,2,0,0,41,GK
Lloyd,Kelly,0,2,2040,38,97.7,394.0,26.0,52.1,5,0,3,43,DEF
Siriki,Dembélé,0,0,104,2,52.3,31.8,28.0,11.3,0,0,0,47,MID
Jaidon,Anthony,3,1,1241,29,209.1,299.4,263.0,77.2,2,0,2,52,MID
Jordan,Zemura,0,1,1452,31,232.8,269.4,71.0,57.1,5,0,1,42,DEF
Will,Dennis,0,0,0,0,0.0,0.0,0.0,0.0,0,0,0,39,GK
Jack,Stephens,0,0,1218,24,57.3,270.0,51.0,38.0,4,0,3,43,DEF
Joe,Rothwell,0,1,1010,15,153.3,127.4,27.0,30.6,3,0,1,49,MID
Marcus,Tavernier,5,4,1740,37,348.4,459.8,436.0,124.2,5,0,1,47,MID
James,Hill,0,0,0,0,0.0,0.0,0.0,0.0,0,0,0,44,DEF
Darren,Randolph,0,0,0,0,0.0,0.0,0.0,0.0,0,0,0,40,GK
Norberto,Murara Neto,0,0,2385,39,0.0,727.6,0.0,72.8,6,0,4,45,GK
Marcos,Senesi,2,0,2489,55,78.7,586.0,109.0,77.5,5,0,7,44,DEF
Christian,Saydee,0,0,0,0,0.0,0.0,0.0,0.0,0,0,0,45,FWD
Owen,Bevan,0,0,8,1,0.0,0.2,0.0,0.0,0,0,0,40,DEF
Cameron,Plain,0,0,0,0,0.0,0.0,0.0,0.0,0,0,0,40,GK
Daniel,Adu-Adjei,0,0,0,0,0.0,0.0,0.0,0.0,0,0,0,45,FWD
Michael,Dacosta Gonzalez,0,0,0,0,0.0,0.0,0.0,0.0,0,0,0,44,MID
Dominic,Sadi,0,0,0,0,0.0,0.0,0.0,0.0,0,0,0,45,FWD
Dango,Ouattara,1,3,1239,23,261.0,276.8,274.0,81.0,1,0,1,50,MID
Euan,Pollock,0,0,0,0,0.0,0.0,0.0,0.0,0,0,0,45,FWD
Antoine,Semenyo,1,0,250,6,26.5,50.0,32.0,10.7,0,0,0,50,FWD
Matías,Viña,2,0,452,10,28.1,156.4,92.0,27.7,1,0,1,45,DEF
Illia,Zabarnyi,0,0,297,5,0.9,41.2,0.0,4.1,0,0,0,45,DEF
Hamed,Traorè,0,0,425,8,218.5,84.0,36.0,33.8,2,0,0,45,MID
Ben,Greenwood,0,0,0,0,0.0,0.0,0.0,0.0,0,0,0,40,DEF
Max,Kinsey-Wellings,0,0,0,0,0.0,0.0,0.0,0.0,0,0,0,40,DEF
Pontus,Jansson,1,0,722,14,2.5,176.2,53.0,23.4,2,0,0,42,DEF
Christian,Nørgaard,1,6,1763,23,173.7,379.2,269.0,82.3,6,0,6,53,MID
Ivan,Toney,20,4,2953,42,424.3,926.8,1240.0,258.7,10,0,9,71,FWD
David,Raya Martin,0,0,3420,46,20.1,1125.4,4.0,115.2,12,0,1,48,GK
Sergi,Canós Tenés,0,0,73,2,13.5,7.0,6.0,2.8,0,0,0,50,DEF
Josh,Dasilva,4,2,1371,17,206.1,304.2,182.0,69.2,5,0,1,41,MID
Kristoffer,Ajer,0,0,763,14,24.7,96.8,27.0,15.1,4,0,0,45,DEF
Rico,Henry,0,3,3240,46,401.9,444.4,197.0,104.5,11,0,4,44,DEF
Vitaly,Janelt,3,1,2201,28,246.1,411.2,223.0,88.1,8,0,3,55,MID
Saman,Ghoddos,0,0,124,5,62.8,27.2,21.0,11.1,0,0,0,48,MID
Mathias,Jensen,5,7,2805,40,787.9,644.0,208.0,164.1,10,0,5,48,MID
Yoane,Wissa,7,4,1587,17,184.5,363.8,414.0,95.5,7,0,3,53,MID
Mads,Roerslev Rasmussen,0,0,1101,12,120.6,167.6,46.0,33.4,5,0,0,43,DEF
Mads,Bech Sørensen,0,0,18,0,0.2,2.6,0.0,0.2,0,0,0,45,DEF
Ethan,Pinnock,3,0,2700,34,104.9,751.6,279.0,113.8,10,0,0,44,DEF
Frank,Onyeka,0,3,837,11,89.9,125.8,106.0,32.3,3,0,0,48,MID
Shandon,Baptiste,0,2,600,6,144.5,107.8,54.0,30.7,1,1,1,45,MID
Bryan,Mbeumo,9,9,2905,39,766.3,662.4,866.0,229.3,10,0,5,57,FWD
Charlie,Goode,0,0,0,0,0.0,0.0,0.0,0.0,0,0,0,39,DEF
Marcus,Forss,0,0,0,0,0.0,0.0,0.0,0.0,0,0,0,45,FWD
Dominic,Thompson,0,0,0,0,0.0,0.0,0.0,0.0,0,0,0,40,DEF
Mads,Bidstrup,0,0,0,0,0.0,0.0,0.0,0.0,0,0,0,45,MID
Ellery,Balcombe,0,0,0,0,0.0,0.0,0.0,0.0,0,0,0,40,GK
Aaron,Hickey,0,3,1918,30,119.8,223.6,98.0,44.2,5,0,7,49,DEF
Keane,Lewis-Potter,0,1,313,4,64.0,42.0,114.0,21.9,0,0,0,52,MID
Thomas,Strakosha,0,0,0,0,0.0,0.0,0.0,0.0,0,0,0,43,GK
Ben,Mee,3,2,3269,40,92.0,761.4,307.0,116.3,12,0,2,48,DEF
Fin,Stevens,0,0,0,0,0.0,0.0,0.0,0.0,0,0,0,40,DEF
Halil,Dervişoğlu,0,1,6,0,0.0,0.0,10.0,1.0,0,0,0,45,FWD
Mikkel,Damsgaard,0,0,970,14,161.0,137.4,146.0,44.5,3,0,4,50,MID
Mathias,Jorgensen,0,1,1097,15,18.2,189.8,45.0,25.6,4,0,2,39,DEF
Ryan,Trevitt,0,0,0,0,0.0,0.0,0.0,0.0,0,0,0,44,MID
Matthew,Cox,0,0,0,0,0.0,0.0,0.0,0.0,0,0,0,39,GK
Tristan,Crama,0,0,0,0,0.0,0.0,0.0,0.0,0,0,0,40,DEF
Yegor,Yarmolyuk,0,0,0,0,0.0,0.0,0.0,0.0,0,0,0,45,MID
Kevin,Schade,0,1,723,7,110.4,72.2,205.0,38.7,3,0,2,49,MID
Michael,Olakigbe,0,0,0,0,0.0,0.0,0.0,0.0,0,0,0,45,MID
Adam,Lallana,2,1,717,10,186.7,144.2,152.0,48.5,5,0,0,48,MID
Jason,Steele,0,1,1350,23,13.0,347.6,0.0,36.1,6,0,1,40,GK
Danny,Welbeck,6,5,1844,28,390.6,378.2,782.0,155.4,6,0,0,65,FWD
Pascal,Groß,9,8,3240,51,1215.4,888.4,578.0,268.6,11,0,7,54,MID
Lewis,Dunk,1,1,3240,50,163.6,661.4,198.0,102.4,12,0,4,48,DEF
Solly,March,6,10,2719,40,965.8,791.8,955.0,271.4,10,0,2,52,MID
Adam,Webster,0,0,1983,27,104.0,354.0,126.0,58.4,9,0,2,45,DEF
Joël,Veltman,1,1,2183,29,200.8,406.2,162.0,77.2,10,0,6,46,DEF
Robert,Sánchez,0,0,2070,30,0.1,439.0,0.0,43.9,6,0,2,44,GK
Tariq,Lamptey,0,0,439,7,87.2,70.6,48.0,20.6,1,0,1,42,DEF
Steven,Alzate,0,0,0,0,0.0,0.0,0.0,0.0,0,0,0,44,MID
Alexis,Mac Allister,10,2,2882,45,729.6,741.0,706.0,217.8,10,0,8,56,MID
Jakub,Moder,0,0,0,0,0.0,0.0,0.0,0.0,0,0,0,44,MID
Enock,Mwepu,0,1,209,4,39.0,48.8,34.0,12.2,0,0,0,53,MID
Jeremy,Sarmiento Morante,0,2,168,2,38.2,46.6,50.0,12.9,1,0,1,45,MID
Moisés,Caicedo Corozo,1,1,3138,47,668.6,582.2,210.0,146.3,10,0,10,50,MID
Taylor,Richards,0,0,0,0,0.0,0.0,0.0,0.0,0,0,0,45,MID
Haydon,Roberts,0,0,0,0,0.0,0.0,0.0,0.0,0,0,0,40,DEF
Deniz,Undav,5,2,614,9,105.7,157.6,333.0,59.5,2,0,2,50,FWD
Kaoru,Mitoma,7,9,2311,35,567.6,566.8,857.0,198.9,8,0,0,57,MID
Julio,Enciso,4,3,794,12,161.0,255.8,370.0,78.5,4,0,1,46,FWD
Kacper,Kozłowski,0,0,0,0,0.0,0.0,0.0,0.0,0,0,0,45,MID
Billy,Gilmour,0,1,502,8,56.5,67.6,33.0,15.8,2,0,1,42,MID
Kjell,Scherpen,0,0,0,0,0.0,0.0,0.0,0.0,0,0,0,40,GK
Matt,Clarke,0,0,0,0,0.0,0.0,0.0,0.0,0,0,0,40,DEF
Jan Paul,van Hecke,0,0,291,7,5.5,62.8,10.0,7.9,0,0,2,40,DEF
Levi,Colwill,0,2,1218,21,100.7,222.0,50.0,37.4,3,0,1,44,DEF
Pervis,Estupiñán,1,7,2674,43,752.9,570.2,295.0,161.3,10,0,4,50,DEF
Evan,Ferguson,6,2,942,12,129.1,284.2,350.0,76.5,6,0,1,46,FWD
Ed,Turns,0,0,0,0,0.0,0.0,0.0,0.0,0,0,0,40,DEF
Andrew,Moran,0,0,11,1,0.0,0.0,0.0,0.0,0,0,0,45,MID
James,Furlong,0,0,0,0,0.0,0.0,0.0,0.0,0,0,0,40,DEF
Jack,Hinshelwood,0,0,1,0,0.0,0.0,0.0,0.0,0,0,0,45,MID
Facundo,Buonanotte,1,1,558,12,96.1,87.8,102.0,27.8,1,0,2,45,MID
Yasin,Ayari,0,0,65,2,25.3,5.4,3.0,3.3,0,0,0,45,MID
Odeluga,Offiah,0,0,23,3,1.5,6.2,0.0,0.8,0,0,0,40,DEF
Tom,McGill,0,0,0,0,0.0,0.0,0.0,0.0,0,0,0,40,GK
Cameron,Peupion,0,0,5,2,0.3,0.0,5.0,0.5,0,0,0,45,MID
Imari,Samuels,0,0,0,0,0.0,0.0,0.0,0.0,0,0,0,40,DEF
Carney,Chukwuemeka,0,0,342,7,69.7,57.6,72.0,19.9,1,0,0,42,MID
Marc,Cucurella Saseta,0,2,1669,20,232.5,354.4,72.0,65.9,6,0,4,49,DEF
César,Azpilicueta,0,0,1521,21,206.7,259.2,93.0,55.8,3,0,3,47,DEF
Thiago,Emiliano da Silva,0,2,2351,32,86.1,657.2,137.0,88.0,6,0,2,54,DEF
Marcos,Alonso,0,0,0,0,0.0,0.0,0.0,0.0,0,0,0,53,DEF
Ross,Barkley,0,0,0,0,0.0,0.0,0.0,0.0,0,0,0,49,MID
Mateo,Kovacic,1,2,1699,25,363.8,294.2,114.0,77.5,4,0,8,49,MID
Kepa,Arrizabalaga,0,0,2565,33,0.1,706.2,0.0,70.6,9,0,1,45,GK
N'Golo,Kanté,0,1,517,7,186.9,107.0,58.0,35.2,2,0,1,48,MID
Hakim,Ziyech,0,3,649,7,230.9,155.4,113.0,49.0,2,0,1,55,MID
Ruben,Loftus-Cheek,0,1,1530,23,234.8,206.6,173.0,61.6,5,0,1,50,MID
Timo,Werner,0,0,0,0,0.0,0.0,0.0,0.0,0,0,0,79,FWD
Robert Kenedy,Nunes do Nascimento,0,0,0,0,0.0,0.0,0.0,0.0,0,0,0,39,DEF
Ben,Chilwell,2,3,1402,19,382.6,283.4,178.0,84.2,4,0,3,56,DEF
Christian,Pulisic,1,1,805,11,166.7,117.2,210.0,49.1,3,0,1,56,MID
Trevoh,Chalobah,0,0,1601,24,93.5,283.6,108.0,48.7,5,0,4,44,DEF
Mason,Mount,3,4,1644,21,463.1,331.4,376.0,117.2,8,0,4,72,MID
Malang,Sarr,0,0,0,0,0.0,0.0,0.0,0.0,0,0,0,50,DEF
Callum,Hudson-Odoi,0,0,0,0,0.0,0.0,0.0,0.0,0,0,0,53,MID
Kai,Havertz,7,1,2565,31,513.3,470.2,1012.0,199.3,9,0,5,74,FWD
Reece,James,1,2,1242,17,358.2,292.2,153.0,80.4,2,0,4,58,DEF
Edouard,Mendy,0,0,855,14,0.0,200.4,0.0,20.2,1,0,1,48,GK
Conor,Gallagher,3,1,1608,23,343.5,379.8,321.0,104.3,4,1,9,56,MID
Armando,Broja,1,1,285,5,18.2,64.6,113.0,19.7,1,0,0,52,FWD
Ethan,Ampadu,0,0,0,0,0.0,0.0,0.0,0.0,0,0,0,44,DEF
Wesley,Fofana,1,0,1362,24,59.0,289.2,86.0,43.8,2,0,4,43,DEF
Raheem,Sterling,6,4,1886,27,479.8,388.2,603.0,146.8,5,0,4,97,MID
Kalidou,Koulibaly,2,1,1798,22,104.1,497.4,141.0,74.5,6,1,5,55,DEF
Harvey,Vale,0,0,0,0,0.0,0.0,0.0,0.0,0,0,0,45,MID
Denis,Zakaria,0,0,409,5,22.6,44.6,24.0,9.2,2,0,0,49,MID
Pierre-Emerick,Aubameyang,1,0,546,8,59.4,55.0,177.0,28.5,1,0,1,84,FWD
Marcus,Bettinelli,0,0,0,0,0.0,0.0,0.0,0.0,0,0,0,40,GK
Omari,Hutchinson,0,0,22,0,1.8,1.0,4.0,0.7,0,0,0,42,MID
Lewis,Hall,0,0,653,11,174.3,113.2,119.0,40.7,1,0,1,43,MID
Bashir,Humphreys,0,0,0,0,0.0,0.0,0.0,0.0,0,0,0,45,DEF
David Datro,Fofana,0,0,68,1,34.6,15.2,30.0,8.0,0,0,0,50,FWD
Benoît,Badiashile,1,0,904,9,49.1,219.8,81.0,35.1,4,0,2,50,DEF
João,Félix Sequeira,4,0,936,16,135.2,203.6,287.0,61.9,2,1,1,71,FWD
Mykhailo,Mudryk,0,2,650,10,146.4,100.8,140.0,38.2,0,0,1,64,MID
Andrey,Nascimento dos Santos,0,0,0,0,0.0,0.0,0.0,0.0,0,0,0,45,MID
Noni,Madueke,1,0,639,13,131.9,130.8,182.0,44.6,0,0,0,54,MID
Enzo,Fernández,0,2,1547,25,307.3,298.2,64.0,67.1,3,0,3,50,MID
Ethan,Wady,0,0,0,0,0.0,0.0,0.0,0.0,0,0,0,40,GK
Alfie,Gilchrist,0,0,0,0,0.0,0.0,0.0,0.0,0,0,0,40,DEF
Albert,Sambi Lokonga,0,0,728,8,57.2,98.4,20.0,17.6,2,0,2,43,MID
Vicente,Guaita,0,0,2430,34,0.0,668.4,0.0,66.8,6,0,1,44,GK
James,Tomkins,1,0,335,10,1.1,90.0,54.0,14.6,0,1,1,39,DEF
James,McArthur,0,0,50,0,1.7,6.8,0.0,0.9,0,0,0,48,MID
Christian,Benteke,0,0,0,0,0.0,0.0,0.0,0.0,0,0,0,55,FWD
Joel,Ward,1,0,2253,35,164.3,436.2,114.0,71.6,8,0,6,44,DEF
Nathaniel,Clyne,0,0,1638,23,124.9,203.6,8.0,33.6,3,0,3,45,DEF
Luka,Milivojevic,0,0,500,7,43.6,69.2,17.0,12.7,2,0,2,42,MID
Jordan,Ayew,4,3,2708,41,465.5,490.8,429.0,138.7,8,0,5,52,MID
Wilfried,Zaha,7,2,2289,34,384.8,465.4,848.0,169.4,5,0,5,72,MID
Jeffrey,Schlupp,3,2,2528,38,257.6,404.6,314.0,97.9,9,0,7,47,MID
Will,Hughes,1,1,822,11,102.1,153.2,57.0,31.0,1,0,4,48,MID
Jairo,Riedewald,0,0,60,0,2.6,9.8,4.0,1.5,0,0,0,42,MID
Joachim,Andersen,1,0,2782,37,146.3,641.8,273.0,106.4,8,0,8,45,DEF
Odsonne,Edouard,5,2,1788,25,227.7,351.6,544.0,111.5,5,0,3,50,FWD
Marc,Guéhi,1,0,3330,46,142.7,688.2,205.0,103.9,9,0,8,45,DEF
Jean-Philippe,Mateta,2,0,748,10,67.1,115.8,240.0,41.0,3,0,3,51,FWD
Eberechi,Eze,10,5,2631,35,800.4,692.8,597.0,208.9,9,0,3,57,MID
Tyrick,Mitchell,0,2,2889,40,234.0,470.4,135.0,84.3,8,1,5,44,DEF
Michael,Olise,2,11,2743,38,1014.6,606.6,462.0,208.8,8,0,2,53,MID
Jesurun,Rak-Sakyi,0,0,0,0,0.0,0.0,0.0,0.0,0,0,0,45,MID
Malcolm,Ebiowei,0,0,31,1,0.9,3.4,4.0,0.9,0,0,0,42,MID
Nathan,Ferguson,0,0,0,0,0.0,0.0,0.0,0.0,0,0,0,39,DEF
Sam,Johnstone,0,0,810,10,0.0,155.0,0.0,15.6,3,0,1,44,GK
Remi,Matthews,0,0,0,0,0.0,0.0,0.0,0.0,0,0,0,40,GK
Luke,Plange,0,0,0,0,0.0,0.0,0.0,0.0,0,0,0,45,FWD
Cheick,Doucouré,0,3,2770,41,345.8,471.4,157.0,97.6,7,1,8,50,MID
Chris,Richards,0,0,443,11,15.3,92.4,26.0,13.2,1,0,0,44,DEF
Joseph,Whitworth,0,0,180,5,0.0,41.8,0.0,4.2,0,0,0,40,GK
Kaden,Rodney,0,0,0,0,0.0,0.0,0.0,0.0,0,0,0,45,MID
Killian,Phillips,0,0,0,0,0.0,0.0,0.0,0.0,0,0,0,45,MID
John-Kymani,Gordon,0,0,0,0,0.0,0.0,0.0,0.0,0,0,0,45,FWD
Kofi,Balmer,0,0,0,0,0.0,0.0,0.0,0.0,0,0,0,40,DEF
Owen,Goodman,0,0,0,0,0.0,0.0,0.0,0.0,0,0,0,40,GK
Jack,Wells-Morrison,0,0,0,0,0.0,0.0,0.0,0.0,0,0,0,45,MID
David,Ozoh,0,0,1,0,0.8,0.0,0.0,0.1,0,0,0,45,MID
Naouirou,Ahamada,0,0,87,2,13.2,7.4,14.0,3.0,0,0,1,45,MID
Tayo,Adaramola,0,0,0,0,0.0,0.0,0.0,0.0,0,0,0,40,DEF
Neal,Maupay,1,0,1104,19,109.9,85.8,429.0,62.2,3,0,4,56,FWD
Asmir,Begović,0,0,90,0,0.0,36.0,0.0,3.6,1,0,0,38,GK
Salomón,Rondón,0,0,103,2,26.1,7.4,41.0,7.3,0,0,0,49,FWD
Seamus,Coleman,1,0,1654,25,108.7,297.8,95.0,50.4,5,0,1,41,DEF
Andros,Townsend,0,0,0,0,0.0,0.0,0.0,0.0,0,0,0,54,MID
Michael,Keane,1,2,983,22,42.6,242.6,131.0,41.7,2,0,0,42,DEF
Dele,Alli,0,0,38,1,2.2,0.6,6.0,0.9,0,0,0,53,MID
Jordan,Pickford,0,1,3330,57,23.0,991.2,0.0,101.3,8,0,6,44,GK
Allan,Marques Loureiro,0,0,0,0,0.0,0.0,0.0,0.0,0,0,0,48,MID
André,Tavares Gomes,0,0,0,0,0.0,0.0,0.0,0.0,0,0,0,45,MID
Abdoulaye,Doucouré,5,2,1527,27,261.2,315.8,229.0,80.3,4,1,6,53,MID
Alex,Iwobi,2,8,3379,56,917.7,682.4,366.0,196.7,9,0,2,49,MID
Jean-Philippe,Gbamin,0,0,0,0,0.0,0.0,0.0,0.0,0,0,0,45,MID
Yerry,Mina,2,0,594,9,17.7,176.8,134.0,33.0,1,0,2,43,DEF
Demarai,Gray,4,1,2501,39,605.2,410.4,670.0,168.5,7,0,3,51,MID
Tom,Davies,0,0,524,9,46.2,50.4,98.0,19.3,1,0,3,49,MID
Dominic,Calvert-Lewin,2,1,1166,22,122.4,138.4,409.0,66.4,4,0,3,79,FWD
Mason,Holgate,0,0,506,9,71.9,90.4,55.0,21.5,2,1,1,42,DEF
Ben,Godfrey,0,1,801,18,42.3,146.8,46.0,23.6,1,0,2,43,DEF
Vitalii,Mykolenko,0,1,2653,46,307.0,504.8,120.0,93.4,7,0,4,41,DEF
Jarrad,Branthwaite,0,0,0,0,0.0,0.0,0.0,0.0,0,0,0,40,DEF
Nathan,Patterson,0,0,1274,22,111.9,231.4,108.0,45.3,2,0,3,39,DEF
Niels,Nkounkou,0,0,0,0,0.0,0.0,0.0,0.0,0,0,0,40,DEF
James,Tarkowski,1,1,3420,57,184.7,1019.6,435.0,164.2,9,0,6,41,DEF
Conor,Coady,1,1,2094,28,59.5,392.6,88.0,54.0,7,0,2,47,DEF
Rúben,Nascimento Vinagre,0,0,24,0,1.4,7.6,0.0,0.9,0,0,0,43,DEF
Dwight,McNeil,7,5,2490,46,726.6,699.4,462.0,189.2,5,0,5,52,MID
Stanley,Mills,0,0,0,0,0.0,0.0,0.0,0.0,0,0,0,43,MID
Lewis,Warrington,0,0,0,0,0.0,0.0,0.0,0.0,0,0,0,44,MID
James,Garner,0,1,796,13,114.6,90.4,57.0,26.5,2,0,3,45,MID
Amadou,Onana,1,3,2486,37,295.1,347.2,280.0,92.0,9,0,9,47,MID
Reece,Welch,0,0,0,0,0.0,0.0,0.0,0.0,0,0,0,40,DEF
Idrissa,Gueye,0,1,2577,45,193.7,399.2,61.0,65.3,8,0,7,47,MID
Eldin,Jakupovic,0,0,0,0,0.0,0.0,0.0,0.0,0,0,0,40,GK
Kyle,John,0,0,0,0,0.0,0.0,0.0,0.0,0,0,0,39,DEF
Thomas,Cannon,0,0,23,1,11.6,5.0,21.0,3.8,0,0,0,45,FWD
Isaac,Price,0,0,32,0,15.6,9.6,0.0,2.5,0,0,1,45,MID
Ellis,Simms,1,0,219,4,39.3,40.8,54.0,13.0,0,0,0,45,FWD
Ishé,Samuels-Smith,0,0,0,0,0.0,0.0,0.0,0.0,0,0,0,40,DEF
Andy,Lonergan,0,0,0,0,0.0,0.0,0.0,0.0,0,0,0,40,GK
Sean,McAllister,0,0,0,0,0.0,0.0,0.0,0.0,0,0,0,45,MID
Cédric,Alves Soares,0,0,223,3,51.4,56.4,10.0,11.9,0,0,0,42,DEF
Bernd,Leno,0,0,3240,51,10.0,1115.8,0.0,112.7,8,0,3,46,GK
Shane,Duffy,0,0,17,4,0.2,0.2,7.0,0.2,0,0,0,42,DEF
Tom,Cairney,2,1,968,13,228.2,189.2,204.0,62.4,1,0,2,47,MID
Tim,Ream,1,0,2898,44,65.2,604.2,76.0,74.8,8,0,2,45,DEF
Anthony,Knockaert,0,0,0,0,0.0,0.0,0.0,0.0,0,0,0,47,MID
Nathaniel,Chalobah,0,0,11,4,0.6,4.6,17.0,2.3,0,1,0,44,MID
Neeskens,Kebano,0,4,758,10,179.7,119.6,112.0,41.5,3,0,0,54,MID
Bobby,De Cordova-Reid,4,1,2473,40,326.6,365.2,508.0,119.7,8,0,8,54,MID
Joe,Bryan,0,0,0,0,0.0,0.0,0.0,0.0,0,0,0,44,DEF
Paulo,Gazzaniga Farias,0,0,0,0,0.0,0.0,0.0,0.0,0,0,0,40,GK
Terence,Kongolo,0,0,0,0,0.0,0.0,0.0,0.0,0,0,0,39,DEF
Tosin,Adarabioyo,1,0,2084,39,89.8,495.0,128.0,71.4,3,0,4,44,DEF
Aleksandar,Mitrović,14,2,2010,30,216.5,584.8,1141.0,193.1,7,0,7,66,FWD
Harrison,Reed,3,4,2868,44,495.6,480.4,266.0,124.2,9,0,5,43,MID
Harry,Wilson,2,5,1085,15,182.1,209.2,173.0,56.4,2,0,1,57,MID
Marek,Rodák,0,0,180,2,0.0,19.0,0.0,1.9,1,0,0,43,GK
Ivan,Neves Abreu Cavaleiro,0,0,0,0,0.0,0.0,0.0,0.0,0,0,0,48,MID
Kenny,Tete,1,5,2569,36,385.6,617.8,110.0,111.6,7,0,8,44,DEF
Josh,Onomah,0,0,14,2,0.6,2.0,0.0,0.3,0,0,0,43,MID
Antonee,Robinson,0,2,3088,44,417.6,553.0,57.0,102.9,9,0,8,44,DEF
Rodrigo,Muniz Carvalho,0,0,0,0,0.0,0.0,0.0,0.0,0,0,0,54,FWD
Jay,Stansfield,0,1,85,2,12.8,8.4,46.0,6.7,0,0,0,45,FWD
João,Palhinha Gonçalves,3,0,3108,43,141.8,560.4,336.0,104.2,9,0,14,49,MID
Daniel,James,2,1,802,18,121.4,144.6,218.0,48.1,1,0,0,59,MID
Andreas,Hoelgebaum Pereira,4,10,2696,40,965.0,440.6,495.0,189.3,8,0,8,43,MID
Issa,Diop,1,0,2008,26,27.7,432.6,78.0,53.8,7,0,2,43,DEF
Tyrese,Francois,0,0,1,0,0.3,1.0,0.0,0.1,0,0,0,44,MID
Kevin,Mbabu,0,1,141,7,37.7,39.8,0.0,7.8,0,0,1,43,DEF
Luke,Harris,0,0,10,1,1.6,0.6,0.0,0.2,0,0,0,43,MID
Manor,Solomon,4,0,560,11,86.0,214.8,107.0,40.8,0,0,0,49,MID
Terry,Ablade,0,0,0,0,0.0,0.0,0.0,0.0,0,0,0,45,FWD
Layvin,Kurzawa,0,0,136,4,4.5,20.2,0.0,2.5,0,0,1,43,DEF
Willian,Borges da Silva,5,7,2127,22,658.8,430.2,447.0,153.6,9,0,2,55,MID
Carlos Vinícius,Alves Morais,5,2,1098,20,118.3,244.0,370.0,72.7,1,0,3,54,FWD
Stefan,Parkes,0,0,0,0,0.0,0.0,0.0,0.0,0,0,0,40,DEF
Martial,Godo,0,0,0,0,0.0,0.0,0.0,0.0,0,0,0,45,MID
Kristian,Sekularac,0,0,0,0,0.0,0.0,0.0,0.0,0,0,0,45,MID
Sasa,Lukic,0,0,406,10,16.0,34.2,18.0,6.8,0,0,1,45,MID
George,Wickens,0,0,0,0,0.0,0.0,0.0,0.0,0,0,0,40,GK
Charlie,Robinson,0,0,0,0,0.0,0.0,0.0,0.0,0,0,0,40,DEF
Matthew,Dibley-Dias,0,0,0,0,0.0,0.0,0.0,0.0,0,0,0,45,MID
Kasper,Schmeichel,0,0,0,0,0.0,0.0,0.0,0.0,0,0,0,50,GK
Jonny,Evans,0,0,1051,28,20.6,223.8,35.0,27.9,2,0,1,44,DEF
Ryan,Bertrand,0,0,0,0,0.0,0.0,0.0,0.0,0,0,0,39,DEF
Marc,Albrighton,1,0,232,3,95.2,76.8,43.0,21.4,0,0,0,47,MID
Nampalys,Mendy,1,0,746,13,42.0,115.2,20.0,17.8,0,0,1,42,MID
Jannik,Vestergaard,0,0,0,0,0.0,0.0,0.0,0.0,0,0,0,38,DEF
Danny,Ward,0,0,2340,46,0.0,631.4,0.0,63.0,6,0,0,38,GK
Jamie,Vardy,3,5,1841,38,173.5,287.0,451.0,90.6,4,0,1,91,FWD
Ricardo,Barbosa Pereira,1,1,451,11,100.2,148.0,25.0,27.3,0,0,2,42,DEF
Daniel,Amartey,0,0,1608,27,79.8,358.4,50.0,48.9,5,0,1,39,DEF
Timothy,Castagne,2,4,3255,63,377.3,679.8,289.0,135.0,8,0,3,43,DEF
Youri,Tielemans,3,3,2341,49,458.3,512.2,190.0,116.2,6,0,4,61,MID
Ayoze,Pérez,0,2,378,5,151.0,65.2,92.0,30.9,1,0,0,47,MID
James,Maddison,10,9,2479,54,970.0,785.4,769.0,252.9,4,0,10,78,MID
Kelechi,Iheanacho,5,5,1112,23,228.9,306.6,437.0,95.7,1,0,0,58,FWD
Hamza,Choudhury,0,0,0,0,0.0,0.0,0.0,0.0,0,0,0,45,MID
Harvey,Barnes,13,2,2709,51,305.1,567.4,883.0,175.5,6,0,3,66,MID
Wilfred,Ndidi,0,0,1672,39,73.0,317.6,45.0,43.2,1,0,4,48,MID
Kiernan,Dewsbury-Hall,2,3,2305,41,527.7,446.6,233.0,121.0,7,1,3,49,MID
Çaglar,Söyüncü,1,0,528,13,13.3,174.6,53.0,24.1,0,0,2,42,DEF
James,Justin,0,2,1252,25,138.8,208.4,40.0,38.7,5,0,0,41,DEF
Boubakary,Soumaré,0,0,1624,30,148.7,236.6,5.0,39.2,6,0,9,44,MID
Luke,Thomas,0,1,1068,20,89.4,166.8,12.0,26.8,2,0,3,39,DEF
Patson,Daka,4,4,1169,24,223.6,295.2,440.0,95.1,5,0,2,56,FWD
Lewis,Brunt,0,0,22,1,1.0,2.2,0.0,0.3,0,0,0,39,DEF
Daniel,Iversen,0,0,1080,22,0.0,255.8,0.0,25.6,1,0,0,39,GK
Dennis,Praet,1,1,635,10,66.9,96.4,64.0,22.7,2,0,1,48,MID
Alex,Smithies,0,0,0,0,0.0,0.0,0.0,0.0,0,0,0,39,GK
Wout,Faes,1,2,2786,51,115.6,662.4,93.0,87.1,7,1,4,42,DEF
Sammy,Braybrooke,0,0,0,0,0.0,0.0,0.0,0.0,0,0,0,45,MID
Joe,Wormleighton,0,0,0,0,0.0,0.0,0.0,0.0,0,0,0,40,DEF
Kasey,McAteer,0,0,0,0,0.0,0.0,0.0,0.0,0,0,0,45,MID
Victor,Kristiansen,0,1,891,21,119.3,173.2,14.0,30.8,0,0,2,45,DEF
Mateus,Cardoso Lemos Martins,1,0,732,15,98.7,84.0,109.0,28.8,0,0,0,49,MID
Harry,Souttar,0,1,991,19,38.9,242.6,65.0,34.6,1,0,2,45,DEF
Wanya,Marçal-Madivadua,0,0,0,0,0.0,0.0,0.0,0.0,0,0,0,45,MID
Liam,Cooper,1,0,1425,32,65.2,309.8,145.0,51.7,2,0,5,44,DEF
Luke,Ayling,2,1,2048,48,209.3,451.8,264.0,92.8,3,0,3,45,DEF
Mateusz,Klich,0,0,266,5,69.3,39.6,50.0,15.2,0,0,2,46,MID
Adam,Forshaw,0,0,473,13,62.0,49.6,0.0,11.3,0,0,0,44,MID
Rodrigo,Moreno,13,2,1928,43,241.1,577.6,853.0,166.5,5,0,6,63,MID
Stuart,Dallas,0,0,0,0,0.0,0.0,0.0,0.0,0,0,0,49,DEF
Patrick,Bamford,4,5,1510,31,171.6,252.2,588.0,99.6,1,0,3,71,FWD
Diego,Llorente,0,0,648,12,5.8,99.0,40.0,14.6,1,0,1,44,DEF
Tyler,Roberts,0,0,0,0,0.0,0.0,0.0,0.0,0,0,0,50,MID
Robin,Koch,0,0,3175,74,72.9,589.2,201.0,86.3,5,0,7,45,DEF
Raphael,Dias Belloli,0,0,0,0,0.0,0.0,0.0,0.0,0,0,0,70,MID
Jack,Harrison,5,8,2707,55,791.5,556.2,466.0,181.2,6,0,2,57,MID
Jamie,Shackleton,0,0,0,0,0.0,0.0,0.0,0.0,0,0,0,45,MID
Pascal,Struijk,2,2,2198,52,216.2,544.4,253.0,101.5,4,0,5,45,DEF
Kristoffer,Klaesson,0,0,0,0,0.0,0.0,0.0,0.0,0,0,0,38,GK
Sam,Greenwood,1,2,410,11,210.5,121.8,85.0,41.6,0,0,1,41,FWD
Illan,Meslier,0,0,3060,67,0.0,738.6,17.0,75.9,5,0,3,44,GK
Junior,Firpo Adames,1,2,1364,33,123.4,286.0,41.0,45.0,1,1,5,45,DEF
Crysencio,Summerville,4,4,1411,38,222.6,311.8,357.0,88.6,1,0,4,42,MID
Lewis,Bate,0,0,0,0,0.0,0.0,0.0,0.0,0,0,0,45,MID
Joe,Gelhardt,0,2,201,3,32.1,49.4,114.0,19.4,0,0,1,51,FWD
Leo Fuhr,Hjelde,0,0,0,0,0.0,0.0,0.0,0.0,0,0,0,39,DEF
Rasmus,Kristensen,3,1,1957,53,143.6,474.4,160.0,78.0,2,0,4,47,DEF
Marc,Roca Junqué,1,3,2316,60,475.8,433.6,323.0,123.1,2,0,7,48,MID
Brenden,Aaronson,1,4,2365,58,662.6,306.0,439.0,141.1,5,0,2,53,MID
Darko,Gyabi,0,0,7,0,0.5,4.4,20.0,2.5,0,0,0,42,MID
Tyler,Adams,0,0,2156,36,328.9,393.6,24.0,74.9,5,1,4,49,MID
Luis,Sinisterra Lucumí,5,0,863,23,157.7,242.8,305.0,70.6,0,1,1,65,MID
Cody,Drameh,0,0,70,3,2.7,12.8,0.0,1.6,0,0,0,40,DEF
Archie,Gray,0,0,0,0,0.0,0.0,0.0,0.0,0,0,0,45,MID
Joel,Robles,0,0,360,11,0.0,93.2,0.0,9.3,0,0,1,40,GK
Wilfried,Gnonto,2,4,1346,28,323.5,264.8,253.0,84.3,4,0,7,47,FWD
Mateo Joseph,Fernández,0,0,24,0,0.2,3.0,19.0,2.2,0,0,0,45,FWD
Sonny,Perkins,0,0,0,0,0.0,0.0,0.0,0.0,0,0,0,45,FWD
Maximilian,Wöber,0,0,1264,23,65.8,273.4,54.0,39.5,2,0,3,44,DEF
Georginio,Rutter,0,1,263,9,38.3,36.2,41.0,11.4,0,0,0,50,FWD
Weston,McKennie,0,1,1434,35,201.7,198.8,81.0,48.3,1,0,7,46,MID
Jeremiah,Chilokoa-Mullen,0,0,0,0,0.0,0.0,0.0,0.0,0,0,0,40,DEF
Diogo,Pinheiro Monteiro,0,0,0,0,0.0,0.0,0.0,0.0,0,0,0,40,DEF
James,Milner,0,1,889,12,207.2,172.8,92.0,47.2,3,0,2,44,MID
Jordan,Henderson,0,3,2060,30,506.1,307.4,174.0,99.1,8,0,2,53,MID
Joel,Matip,1,0,1091,20,49.5,223.4,90.0,36.2,3,0,3,59,DEF
Thiago,Alcántara do Nascimento,0,0,1252,23,265.8,244.4,86.0,59.8,2,0,2,51,MID
Alex,Oxlade-Chamberlain,1,0,332,7,66.3,72.4,84.0,22.3,0,0,0,49,MID
Roberto,Firmino,11,4,1202,17,293.2,542.0,792.0,162.8,4,0,0,80,FWD
Virgil,van Dijk,3,1,2835,36,121.0,743.2,389.0,125.4,11,0,3,66,DEF
Alisson,Ramses Becker,0,1,3330,43,10.1,966.4,0.0,97.6,14,0,1,55,GK
Fabio Henrique,Tavares,0,2,2666,34,302.0,379.2,109.0,79.0,11,0,11,52,MID
Mohamed,Salah,19,13,3290,45,869.9,1046.2,1620.0,353.7,13,0,2,131,MID
Andrew,Robertson,0,8,2579,34,862.1,549.2,211.0,162.3,9,0,3,68,DEF
Trent,Alexander-Arnold,2,11,2922,44,1168.2,779.0,241.0,219.0,10,0,5,78,DEF
Joseph,Gomez,0,0,1461,16,43.7,297.8,27.0,36.9,8,0,3,43,DEF
Naby,Keita,0,0,290,4,92.6,23.8,54.0,16.9,1,0,1,47,MID
Diogo,Teixeira da Silva,7,4,1125,19,237.9,304.2,337.0,87.5,5,0,2,86,FWD
Caoimhin,Kelleher,0,0,90,4,0.0,0.0,0.0,0.0,0,0,0,39,GK
Ibrahima,Konaté,0,0,1551,22,39.6,285.6,144.0,46.8,7,0,5,49,DEF
Curtis,Jones,3,1,1029,15,214.4,266.2,236.0,71.6,4,0,2,49,MID
Konstantinos,Tsimikas,0,4,762,11,281.7,177.6,124.0,58.5,4,0,3,43,DEF
Luis,Díaz,4,2,991,11,176.7,236.2,388.0,80.1,4,0,2,78,MID
Harvey,Elliott,1,2,1600,20,372.3,257.0,363.0,99.4,5,0,2,48,MID
Fábio,Freitas Gouveia Carvalho,2,1,339,3,36.7,89.4,173.0,29.7,0,0,0,51,MID
Darwin,Núñez Ribeiro,9,5,1684,22,336.9,458.2,1078.0,186.0,7,1,1,86,FWD
Calvin,Ramsay,0,0,0,0,0.0,0.0,0.0,0.0,0,0,0,39,DEF
Adrián,San Miguel del Castillo,0,0,0,0,0.0,0.0,0.0,0.0,0,0,0,38,GK
Rhys,Williams,0,0,0,0,0.0,0.0,0.0,0.0,0,0,0,40,DEF
Ben,Davies,0,0,0,0,0.0,0.0,0.0,0.0,0,0,0,40,DEF
Sepp,van den Berg,0,0,0,0,0.0,0.0,0.0,0.0,0,0,0,40,DEF
Nathaniel,Phillips,0,0,65,1,1.4,15.4,18.0,3.4,0,0,0,38,DEF
Luke,Chambers,0,0,0,0,0.0,0.0,0.0,0.0,0,0,0,40,DEF
Stefan,Bajcetic,1,0,522,4,61.7,90.2,77.0,22.8,3,0,2,43,MID
Bobby,Clark,0,0,7,0,0.3,0.0,2.0,0.2,0,0,0,45,MID
Harvey,Davies,0,0,0,0,0.0,0.0,0.0,0.0,0,0,0,40,GK
Arthur Henrique,Ramos de Oliveira Melo,0,0,0,0,0.0,0.0,0.0,0.0,0,0,0,48,MID
Ben,Doak,0,0,23,1,1.4,5.6,4.0,1.2,0,0,0,45,MID
Cody,Gakpo,7,3,1455,19,271.1,331.8,415.0,101.3,6,0,0,76,MID
Kyle,Walker,0,0,1953,20,176.2,223.8,39.0,43.8,7,0,3,47,DEF
Ilkay,Gündogan,8,6,2351,20,636.9,596.2,597.0,182.7,10,0,0,74,MID
Kevin,De Bruyne,7,18,2413,23,1476.7,897.8,598.0,297.6,10,0,1,121,MID
John,Stones,2,2,1844,17,164.1,396.0,135.0,69.6,7,0,2,56,DEF
Riyad,Mahrez,5,12,1913,23,773.4,533.6,520.0,182.5,6,0,2,75,MID
Jack,Grealish,5,10,2051,16,721.3,515.8,683.0,191.7,10,0,4,71,MID
João,Cancelo,2,2,1273,16,266.4,277.0,276.0,81.2,6,1,3,71,DEF
Ederson,Santana de Moraes,0,1,3150,32,13.1,479.0,0.0,49.2,11,0,3,54,GK
Nathan,Aké,1,0,1871,15,161.6,383.4,150.0,69.7,9,0,2,50,DEF
Aymeric,Laporte,0,0,992,10,107.8,166.2,68.0,34.1,4,0,0,56,DEF
Zack,Steffen,0,0,0,0,0.0,0.0,0.0,0.0,0,0,0,40,GK
Bernardo,Veiga de Carvalho e Silva,4,6,2196,24,515.0,492.0,424.0,143.1,7,0,5,67,MID
Rúben,Gato Alves Dias,0,0,1997,16,83.7,416.8,124.0,62.5,9,0,3,60,DEF
Phil,Foden,11,7,1832,16,670.8,671.2,712.0,205.4,5,0,1,80,MID
Rodrigo,Hernandez,2,6,2911,26,555.9,716.0,493.0,176.9,11,0,5,56,MID
Cole,Palmer,0,1,358,4,72.4,59.2,97.0,23.1,1,0,1,42,MID
James,McAtee,0,0,0,0,0.0,0.0,0.0,0.0,0,0,0,45,MID
Erling,Haaland,36,9,2767,26,371.0,1390.0,1825.0,358.1,13,0,5,124,FWD
Julián,Álvarez,9,3,1448,16,271.1,430.8,545.0,124.7,5,0,0,61,FWD
Luke,Mbete-Tabu,0,0,0,0,0.0,0.0,0.0,0.0,0,0,0,39,DEF
Josh,Wilson-Esbrand,0,0,0,0,0.0,0.0,0.0,0.0,0,0,0,38,DEF
Liam,Delap,0,0,0,0,0.0,0.0,0.0,0.0,0,0,0,44,FWD
Stefan,Ortega Moreno,0,0,270,1,0.0,116.8,0.0,11.7,2,0,0,37,GK
Kalvin,Phillips,0,0,291,3,46.5,39.0,19.0,10.5,1,0,1,48,MID
Scott,Carson,0,0,0,0,0.0,0.0,0.0,0.0,0,0,0,38,GK
Rico,Lewis,0,0,900,8,152.4,114.6,40.0,30.7,2,0,1,38,DEF
Sergio,Gómez,0,1,340,6,52.8,66.2,24.0,14.3,1,0,0,44,DEF
Claudio,Gomes,0,0,0,0,0.0,0.0,0.0,0.0,0,0,0,45,MID
Ben,Knight,0,0,0,0,0.0,0.0,0.0,0.0,0,0,0,45,MID
Manuel,Akanji,0,1,2284,23,146.5,385.6,180.0,71.4,7,0,2,51,DEF
Máximo,Perrone,0,0,18,1,2.6,1.0,4.0,0.8,0,0,0,44,MID
Alex,Robertson,0,0,0,0,0.0,0.0,0.0,0.0,0,0,0,45,MID
Shea,Charles,0,0,27,1,0.0,0.0,0.0,0.0,0,0,0,45,MID
Nico,O'Reilly,0,0,0,0,0.0,0.0,0.0,0.0,0,0,0,45,MID
Jack,Butland,0,0,0,0,0.0,0.0,0.0,0.0,0,0,0,44,GK
Cristiano Ronaldo,dos Santos Aveiro,1,0,519,8,83.2,63.8,218.0,35.6,3,0,2,102,FWD
David,De Gea Quintana,0,0,3420,43,13.0,792.2,0.0,80.7,17,0,0,51,GK
Phil,Jones,0,0,0,0,0.0,0.0,0.0,0.0,0,0,0,38,DEF
Raphaël,Varane,0,0,1912,22,74.0,387.0,124.0,58.8,10,0,1,48,DEF
Harry,Maguire,0,0,762,7,20.3,180.6,51.0,25.2,5,0,4,47,DEF
Frederico,Rodrigues de Paula Santos,2,3,1228,22,335.9,282.2,213.0,83.0,4,0,6,51,MID
Luke,Shaw,1,4,2552,35,547.7,572.8,118.0,124.2,12,0,8,53,DEF
Bruno,Borges Fernandes,8,9,3317,39,1532.3,948.0,948.0,343.1,18,0,6,95,MID
Alex,Telles,0,0,0,0,0.0,0.0,0.0,0.0,0,0,0,50,DEF
Marcus,Rashford,17,7,2880,39,459.7,887.8,1427.0,277.6,13,0,2,72,MID
Donny,van de Beek,0,0,162,3,40.2,11.2,54.0,10.5,0,0,0,51,MID
Victor,Lindelöf,0,0,1359,16,53.5,265.0,19.0,33.9,6,0,1,41,DEF
Scott,McTominay,1,0,1149,20,122.8,242.2,156.0,51.7,4,0,8,49,MID
Eric,Bailly,0,0,0,0,0.0,0.0,0.0,0.0,0,0,0,40,DEF
Jadon,Sancho,6,3,1683,18,543.9,390.6,382.0,131.7,13,0,0,71,MID
Aaron,Wan-Bissaka,0,0,1432,10,221.9,290.4,143.0,65.5,8,0,2,43,DEF
Diogo,Dalot Teixeira,1,2,2152,34,418.6,469.4,272.0,116.0,10,0,6,48,DEF
Brandon,Williams,0,0,0,0,0.0,0.0,0.0,0.0,0,0,0,37,DEF
Anthony,Elanga,0,1,417,2,78.8,52.4,162.0,28.7,2,0,0,46,MID
Anthony,Martial,6,3,970,8,179.0,305.2,376.0,85.4,7,0,0,63,FWD
Facundo,Pellistri Rebollo,0,0,60,1,1.7,3.2,2.0,0.6,0,0,0,43,MID
Tom,Heaton,0,0,0,0,0.0,0.0,0.0,0.0,0,0,0,38,GK
Tyrell,Malacia,0,0,1391,14,125.8,206.4,77.0,41.1,7,0,6,42,DEF
Christian,Eriksen,1,9,2046,25,564.3,420.8,344.0,132.8,13,0,3,62,MID
Lisandro,Martínez,1,0,2113,33,110.4,571.8,82.0,76.7,9,0,6,44,DEF
Amad,Diallo,0,0,0,0,0.0,0.0,0.0,0.0,0,0,0,44,MID
Zidane,Iqbal,0,0,0,0,0.0,0.0,0.0,0.0,0,0,0,42,MID
Alejandro,Garnacho,3,2,557,13,58.5,153.8,266.0,47.9,0,0,3,41,MID
Carlos Henrique,Casimiro,4,3,2122,22,393.0,638.6,278.0,131.1,10,2,7,49,MID
Antony Matheus,dos Santos,4,2,1803,21,421.0,322.0,633.0,137.1,12,0,5,73,MID
Matej,Kovár,0,0,0,0,0.0,0.0,0.0,0.0,0,0,0,40,GK
Kobbie,Mainoo,0,0,10,0,0.8,5.8,6.0,1.3,0,0,0,45,MID
Nathan,Bishop,0,0,0,0,0.0,0.0,0.0,0.0,0,0,0,40,GK
Shola,Shoretire,0,0,0,0,0.0,0.0,0.0,0.0,0,0,0,45,FWD
Rhys,Bennett,0,0,0,0,0.0,0.0,0.0,0.0,0,0,0,40,DEF
Wout,Weghorst,0,1,790,11,183.7,97.6,140.0,42.1,4,0,1,54,FWD
Marcel,Sabitzer,0,1,622,7,138.9,100.4,84.0,32.5,5,0,1,47,MID
Marc,Jurado Gomez,0,0,0,0,0.0,0.0,0.0,0.0,0,0,0,40,DEF
Anthony,Gordon,4,0,1574,18,215.3,265.6,517.0,99.8,4,0,7,51,MID
Matt,Ritchie,0,0,35,0,17.2,8.8,2.0,2.8,0,0,0,42,DEF
Federico,Fernández,0,0,0,0,0.0,0.0,0.0,0.0,0,0,0,44,DEF
Ciaran,Clark,0,0,0,0,0.0,0.0,0.0,0.0,0,0,0,45,DEF
Karl,Darlow,0,0,0,0,0.0,0.0,0.0,0.0,0,0,0,39,GK
Martin,Dubravka,0,0,156,1,0.0,29.4,0.0,2.9,1,0,0,41,GK
Callum,Wilson,18,6,1870,16,271.0,720.0,1020.0,200.4,10,0,4,73,FWD
Kieran,Trippier,1,9,3342,31,1818.5,904.8,117.0,284.3,16,0,5,60,DEF
Dan,Burn,1,0,3109,30,230.4,550.2,265.0,104.8,14,0,5,45,DEF
Ryan,Fraser,0,0,308,3,74.0,26.8,70.0,17.2,1,0,1,52,MID
Jamaal,Lascelles,0,0,214,5,0.9,42.6,13.0,5.4,0,0,4,43,DEF
Dwight,Gayle,0,0,0,0,0.0,0.0,0.0,0.0,0,0,0,45,FWD
Paul,Dummett,0,0,0,0,0.0,0.0,0.0,0.0,0,0,0,39,DEF
Javier,Manquillo Gaitán,0,0,34,1,5.5,12.0,2.0,2.0,0,0,0,42,DEF
Emil,Krafth,0,0,1,0,0.0,0.0,0.0,0.0,0,0,0,43,DEF
Jacob,Murphy,4,2,1230,12,302.5,275.0,410.0,98.9,3,0,0,42,MID
Fabian,Schär,1,3,3207,28,263.9,653.4,521.0,144.1,15,0,7,51,DEF
Matt,Targett,0,0,600,6,141.9,97.6,8.0,24.8,3,0,1,47,DEF
Allan,Saint-Maximin,1,6,1109,14,344.1,266.4,370.0,98.2,4,0,1,61,MID
Miguel,Almirón Rejala,11,4,2487,22,424.0,599.2,849.0,187.5,15,0,2,54,MID
Sean,Longstaff,1,5,2514,18,372.0,385.2,408.0,116.8,13,0,2,43,MID
Joelinton Cássio,Apolinário de Lira,6,5,2660,26,413.1,603.4,655.0,167.3,11,0,12,60,MID
Jamal,Lewis,0,0,9,1,0.8,1.0,4.0,0.6,0,0,0,44,DEF
Joe,Willock,3,7,2556,26,547.0,520.8,680.0,174.9,12,0,1,47,MID
Bruno,Guimarães Rodriguez Moura,4,5,2727,25,631.8,617.6,284.0,153.6,12,0,7,55,MID
Jeff,Hendrick,0,0,0,0,0.0,0.0,0.0,0.0,0,0,0,45,MID
Nick,Pope,0,0,3261,32,20.0,709.6,0.0,72.9,14,1,3,54,GK
Sven,Botman,0,2,3127,30,120.1,554.4,303.0,98.1,13,0,2,45,DEF
Elliot,Anderson,0,1,395,7,114.7,70.2,180.0,36.5,1,0,0,43,MID
Harrison,Ashby,0,0,0,0,0.0,0.0,0.0,0.0,0,0,0,38,DEF
Alexander,Isak,10,2,1520,20,244.1,475.0,693.0,141.1,4,0,3,70,FWD
Loris,Karius,0,0,0,0,0.0,0.0,0.0,0.0,0,0,0,39,GK
Garang,Kuol,0,0,0,0,0.0,0.0,0.0,0.0,0,0,0,45,MID
Lewis,Miley,0,0,14,0,0.0,0.0,0.0,0.0,0,0,0,45,MID
Mark,Gillespie,0,0,0,0,0.0,0.0,0.0,0.0,0,0,0,40,GK
Neco,Williams,1,1,1872,41,257.3,372.2,209.0,84.0,4,0,7,38,DEF
Jonjo,Shelvey,0,0,573,11,102.1,55.6,11.0,16.3,1,0,2,48,MID
Chris,Wood,3,0,807,9,82.1,145.2,169.0,39.3,4,0,0,56,FWD
Harry,Arter,0,0,0,0,0.0,0.0,0.0,0.0,0,0,0,41,MID
Steve,Cook,0,0,956,21,39.3,177.4,28.0,24.4,2,0,4,43,DEF
Lyle,Taylor,0,0,0,0,0.0,0.0,0.0,0.0,0,0,0,41,FWD
Jack,Colback,0,0,492,11,33.7,62.0,2.0,9.9,0,0,0,41,MID
Brice,Samba,0,0,0,0,0.0,0.0,0.0,0.0,0,0,0,45,GK
Carlos,Ribeiro Dias,0,0,6,0,0.1,2.4,0.0,0.3,0,0,0,42,MID
Joe,Lolley,0,0,0,0,0.0,0.0,0.0,0.0,0,0,0,49,MID
Scott,McKenna,0,0,1570,32,93.9,278.8,46.0,41.8,5,0,4,44,DEF
Mohamed,Dräger,0,0,0,0,0.0,0.0,0.0,0.0,0,0,0,40,DEF
Ryan,Yates,0,3,1833,36,97.3,206.8,233.0,53.1,5,0,5,50,MID
Joe,Worrall,1,0,2215,44,66.4,471.0,92.0,62.5,5,0,6,42,DEF
Jonathan,Panzo,0,0,0,0,0.0,0.0,0.0,0.0,0,0,0,40,DEF
Xande,Nascimento da Costa Silva,0,0,0,0,0.0,0.0,0.0,0.0,0,0,0,50,MID
Sam,Surridge,1,0,306,5,15.9,59.4,92.0,15.7,0,0,2,46,FWD
Richie,Laryea,0,0,0,0,0.0,0.0,0.0,0.0,0,0,0,45,DEF
Loïc,Mbe Soh,0,0,0,0,0.0,0.0,0.0,0.0,0,0,0,42,DEF
Brennan,Johnson,8,5,2930,54,373.6,478.2,729.0,157.4,7,0,6,55,FWD
Alex,Mighten,0,0,7,0,0.3,0.0,0.0,0.0,0,0,0,49,MID
Braian,Ojeda Rodríguez,0,0,0,0,0.0,0.0,0.0,0.0,0,0,0,45,MID
Taiwo,Awoniyi,10,1,1395,29,129.6,375.8,378.0,87.8,5,0,2,56,FWD
Dean,Henderson,0,0,1620,31,0.0,474.4,0.0,47.5,6,0,2,46,GK
Giulian,Biancone,0,0,15,1,0.0,6.8,0.0,0.7,0,0,0,42,DEF
Willy,Boly,0,1,684,10,11.8,145.0,24.0,18.3,3,0,2,41,DEF
Morgan,Gibbs-White,5,12,3151,61,941.1,593.4,624.0,215.7,8,0,6,55,MID
Moussa,Niakhaté,0,0,1163,22,14.8,173.4,61.0,24.9,2,0,1,43,DEF
Omar,Richards,0,0,0,0,0.0,0.0,0.0,0.0,0,0,0,44,DEF
Wayne,Hennessey,0,0,271,5,0.0,62.2,0.0,6.3,0,0,0,39,GK
Harry,Toffolo,0,0,933,17,93.5,147.0,67.0,30.6,2,0,2,43,DEF
Lewis,O'Brien,1,0,578,14,56.4,107.8,47.0,21.1,1,0,2,47,MID
Jesse,Lingard,0,1,918,17,151.9,50.6,127.0,32.9,5,0,1,54,MID
Orel,Mangala,1,1,1543,24,61.6,191.4,75.0,32.8,5,0,3,49,MID
Oliver,Hammond,0,0,0,0,0.0,0.0,0.0,0.0,0,0,0,42,MID
Remo,Freuler,0,0,2157,47,174.7,272.2,54.0,50.3,6,0,4,49,MID
Cheikhou,Kouyaté,1,0,871,23,82.8,158.8,81.0,32.2,2,0,3,44,MID
Emmanuel,Dennis,2,2,709,17,96.8,166.4,286.0,54.6,1,0,3,56,FWD
Renan Augusto,Lodi dos Santos,0,2,2211,48,208.2,319.0,97.0,62.5,5,0,7,43,DEF
Loïc,Badé,0,0,0,0,0.0,0.0,0.0,0.0,0,0,0,45,DEF
Serge,Aurier,1,0,1943,31,164.1,431.0,112.0,70.9,6,0,2,43,DEF
Dale,Taylor,0,0,0,0,0.0,0.0,0.0,0.0,0,0,0,45,FWD
Jordan,Smith,0,0,0,0,0.0,0.0,0.0,0.0,0,0,0,40,GK
Gustavo Henrique,Furtado Scarpa,0,0,177,1,17.3,15.0,25.0,5.7,0,0,1,46,MID
Danilo,dos Santos de Oliveira,3,2,976,18,108.1,253.8,113.0,47.1,1,0,1,45,MID
Keylor,Navas,0,0,1530,32,0.0,387.6,0.0,38.7,2,0,2,45,GK
Felipe Augusto,de Almeida Monteiro,0,1,1417,32,79.5,379.0,130.0,59.0,1,0,4,45,DEF
André,Ayew,0,0,306,10,17.1,34.0,53.0,10.5,0,0,1,50,MID
George,Shelvey,0,0,0,0,0.0,0.0,0.0,0.0,0,0,0,40,GK
Ainsley,Maitland-Niles,0,1,1400,31,159.2,280.2,23.0,46.0,3,0,3,48,MID
Roméo,Lavia,1,1,2219,50,247.1,344.8,46.0,64.2,4,0,9,45,MID
Theo,Walcott,2,2,1123,30,159.1,164.6,199.0,52.1,2,0,1,48,MID
Alex,McCarthy,0,0,540,17,0.0,84.2,0.0,8.4,0,0,0,43,GK
Oriol,Romeu Vidal,0,0,74,4,3.8,6.2,2.0,1.2,0,0,0,48,MID
Nathan,Redmond,0,0,1,0,0.0,0.0,0.0,0.0,0,0,0,53,MID
Stuart,Armstrong,2,2,1391,34,282.8,234.2,267.0,78.6,1,0,6,47,MID
Mohamed,Elyounoussi,1,1,2162,45,297.2,285.0,388.0,96.8,2,0,4,51,MID
James,Ward-Prowse,9,4,3371,72,1162.9,880.4,319.0,236.3,4,0,6,61,MID
Adam,Armstrong,2,1,1321,24,148.8,142.0,275.0,55.6,1,0,2,53,FWD
Kyle,Walker-Peters,1,0,2650,58,277.9,403.4,198.0,87.9,3,0,4,44,DEF
Jan,Bednarek,0,0,1770,40,38.4,415.0,43.0,49.7,3,0,5,41,DEF
Che,Adams,5,5,1987,41,336.4,340.4,583.0,124.6,4,0,1,60,FWD
Nathan,Tella,0,0,0,0,0.0,0.0,0.0,0.0,0,0,0,50,MID
Lyanco,Silveira Neves Vojnovic,1,1,1173,26,52.8,281.6,114.0,45.0,0,0,4,44,DEF
Yan,Valery,0,0,45,2,0.9,4.0,0.0,0.5,0,0,0,40,DEF
Will,Smallbone,0,0,0,0,0.0,0.0,0.0,0.0,0,0,0,45,MID
Ibrahima,Diallo,0,0,813,19,66.0,85.4,28.0,17.7,0,0,4,41,MID
Romain,Perraud,2,2,1828,35,251.8,360.6,298.0,90.9,4,0,4,40,DEF
Moussa,Djenepo,0,2,702,14,123.2,141.8,70.0,33.7,0,0,1,49,MID
Tino,Livramento,0,0,26,0,0.0,5.8,0.0,0.6,0,0,0,44,DEF
Mohammed,Salisu,0,1,1971,41,109.7,537.4,167.0,81.5,1,0,5,42,DEF
Mateusz,Lis,0,0,0,0,0.0,0.0,0.0,0.0,0,0,0,40,GK
Gavin,Bazunu,0,0,2880,56,10.0,633.0,0.0,64.2,4,0,0,44,GK
Armel,Bella-Kotchap,0,2,1881,39,76.4,422.4,105.0,60.6,3,0,4,45,DEF
Willy,Caballero,0,0,0,0,0.0,0.0,0.0,0.0,0,0,0,38,GK
Joe,Ayodele-Aribo,2,0,1219,24,137.1,209.6,366.0,71.5,1,0,2,50,MID
Sékou,Mara,1,2,538,10,77.5,104.8,169.0,33.9,0,0,1,53,FWD
Juan,Larios López,0,0,150,2,7.8,27.6,4.0,3.9,0,0,0,40,DEF
Duje,Caleta-Car,1,0,942,15,16.2,262.4,69.0,34.9,1,0,2,44,DEF
Samuel,Edozie,0,0,554,9,110.3,89.2,133.0,33.2,1,0,0,46,MID
Lewis,Payne,0,0,0,0,0.0,0.0,0.0,0.0,0,0,0,45,MID
Ryan,Finnigan,0,0,0,0,0.0,0.0,0.0,0.0,0,0,0,45,MID
Jimmy,Morgan,0,0,0,0,0.0,0.0,0.0,0.0,0,0,0,45,FWD
Mislav,Orsic,0,0,6,0,0.3,2.0,0.0,0.2,0,0,0,51,MID
Carlos,Alcaraz,4,2,1024,25,64.4,199.0,190.0,45.1,0,0,3,50,MID
James,Bree,0,0,366,12,65.3,49.2,4.0,11.7,0,0,1,45,DEF
Kamaldeen,Sulemana,2,1,959,20,175.5,105.2,164.0,44.5,3,0,1,49,MID
Paul,Onuachu,0,0,401,7,52.8,30.2,126.0,20.6,1,0,0,53,FWD
Kamari,Doyle,0,0,6,0,0.3,0.0,0.0,0.0,0,0,0,45,MID
Dominic,Ballard,0,0,24,0,0.3,1.0,0.0,0.1,0,0,0,45,FWD
Samuel,Amo-Ameyaw,0,0,3,0,0.0,0.0,0.0,0.0,0,0,0,45,MID
Hugo,Lloris,0,0,2205,39,0.0,540.0,0.0,54.0,7,0,0,54,GK
Fraser,Forster,0,0,1215,24,0.0,256.8,0.0,25.8,3,0,1,39,GK
Harry,Kane,30,9,3406,62,744.8,1256.6,1707.0,371.0,11,0,6,115,FWD
Son,Heung-min,10,6,2886,55,829.3,709.2,910.0,244.7,9,0,2,115,MID
Matt,Doherty,1,0,663,9,110.5,147.0,146.0,40.3,3,0,0,46,DEF
Eric,Dier,2,1,2816,52,112.3,653.2,235.0,100.1,9,0,3,50,DEF
Lucas,Rodrigues Moura da Silva,1,0,145,5,55.8,29.0,43.0,12.7,0,1,0,58,MID
Ben,Davies,2,3,2284,33,276.9,407.8,172.0,85.8,9,0,4,47,DEF
Pierre-Emile,Højbjerg,4,5,3131,57,501.7,758.0,237.0,150.0,10,0,5,53,MID
Harry,Winks,0,0,0,0,0.0,0.0,0.0,0.0,0,0,0,44,MID
Davinson,Sánchez,0,0,848,17,29.9,180.6,52.0,26.3,2,0,1,42,DEF
Ryan,Sessegnon,2,1,805,15,103.0,148.6,290.0,54.3,1,0,4,44,DEF
Steven,Bergwijn,0,0,0,0,0.0,0.0,0.0,0.0,0,0,0,55,MID
Sergio,Reguilón,0,0,0,0,0.0,0.0,0.0,0.0,0,0,0,42,DEF
Japhet,Tanganga,0,0,145,5,6.2,27.6,0.0,3.3,0,0,0,38,DEF
Rodrigo,Bentancur,5,2,1501,24,180.2,489.6,236.0,90.7,6,0,8,53,MID
Oliver,Skipp,1,0,1489,28,146.1,198.2,52.0,39.8,4,0,7,43,MID
Joe,Rodon,0,0,0,0,0.0,0.0,0.0,0.0,0,0,0,40,DEF
Cristian,Romero,0,2,2363,41,136.2,546.2,91.0,77.3,8,1,9,49,DEF
Yves,Bissouma,0,0,998,20,135.0,111.0,23.0,26.8,1,0,6,47,MID
Emerson,Leite de Souza Junior,2,2,1729,27,178.9,376.2,230.0,78.7,7,1,2,48,DEF
Dejan,Kulusevski,2,7,2062,40,627.6,409.2,514.0,154.7,8,0,2,78,MID
Dane,Scarlett,0,0,0,0,0.0,0.0,0.0,0.0,0,0,0,45,FWD
Ivan,Perišić,1,8,2099,44,732.8,517.8,394.0,164.2,6,0,6,53,DEF
Harvey,White,0,0,4,0,7.3,2.0,0.0,0.9,0,0,0,44,MID
Pape Matar,Sarr,0,1,211,11,16.0,30.4,4.0,5.0,0,0,1,42,MID
Brandon,Austin,0,0,0,0,0.0,0.0,0.0,0.0,0,0,0,39,GK
Alfie,Devine,0,0,0,0,0.0,0.0,0.0,0.0,0,0,0,43,MID
Troy,Parrott,0,0,0,0,0.0,0.0,0.0,0.0,0,0,0,45,FWD
Richarlison,de Andrade,1,5,995,18,221.0,201.6,401.0,82.0,3,0,3,84,FWD
Clément,Lenglet,0,2,2018,35,136.1,380.8,130.0,64.7,5,0,4,48,DEF
Djed,Spence,0,0,5,0,1.3,0.2,20.0,2.2,0,0,0,41,DEF
Bryan,Gil Salvatierra,0,1,146,1,27.5,30.4,27.0,8.5,1,0,1,50,MID
Arnaut,Danjuma,1,0,162,5,25.1,53.2,71.0,14.8,0,0,0,61,MID
Pedro,Porro,3,3,1132,26,377.9,268.6,150.0,79.6,2,0,0,48,DEF
Romaine,Mundle,0,0,0,0,0.0,0.0,0.0,0.0,0,0,0,45,MID
George,Abbott,0,0,1,0,0.0,0.0,0.0,0.0,0,0,0,45,MID
Matthew,Craig,0,0,13,0,0.0,0.0,0.0,0.0,0,0,0,45,MID
Yago,de Santiago Alonso,0,0,0,0,0.0,0.0,0.0,0.0,0,0,0,45,MID
Danny,Ings,8,2,1579,26,186.0,398.4,604.0,118.6,5,0,4,63,FWD
Lukasz,Fabianski,0,0,3111,48,0.0,755.6,0.0,75.4,9,0,1,49,GK
Angelo,Ogbonna,0,0,1234,19,35.2,212.8,24.0,27.4,4,0,0,44,DEF
Aaron,Cresswell,0,1,2235,32,632.9,411.6,81.0,113.0,6,0,3,47,DEF
Michail,Antonio,5,3,1822,29,207.7,305.8,559.0,107.0,5,0,2,69,FWD
Manuel,Lanzini,1,0,243,5,21.9,50.6,37.0,10.8,0,0,0,50,MID
Kurt,Zouma,2,1,1988,29,18.7,415.0,239.0,67.4,7,0,0,44,DEF
Arthur,Masuaku,0,0,0,0,0.0,0.0,0.0,0.0,0,0,0,45,DEF
Vladimir,Coufal,0,2,2135,35,330.5,361.6,54.0,74.9,4,0,5,40,DEF
Saïd,Benrahma,6,3,2059,32,613.9,510.0,653.0,177.7,6,0,0,55,MID
Jarrod,Bowen,6,9,3232,50,674.8,625.8,1076.0,237.9,9,0,2,80,MID
Nikola,Vlasic,0,0,0,0,0.0,0.0,0.0,0.0,0,0,0,50,MID
Declan,Rice,4,3,3272,50,522.4,777.6,226.0,152.7,9,0,5,47,MID
Tomas,Soucek,2,4,2811,42,230.1,565.6,472.0,127.1,8,0,3,50,MID
Pablo,Fornals Malla,3,1,1493,28,281.0,226.6,182.0,68.7,1,0,0,49,MID
Ben,Johnson,0,0,860,13,76.8,161.6,20.0,25.9,2,0,0,44,DEF
Nayef,Aguerd,2,0,1594,28,67.5,404.4,113.0,58.5,5,0,4,48,DEF
Alphonse,Areola,0,0,307,7,0.0,69.4,0.0,6.8,0,0,0,43,GK
Flynn,Downes,0,0,752,14,28.9,55.8,51.0,13.4,1,0,2,42,MID
Gianluca,Scamacca,3,0,921,12,160.7,151.8,312.0,62.0,3,0,3,66,FWD
Emerson,Palmieri dos Santos,1,0,1317,28,188.8,224.8,178.0,59.4,2,0,2,40,DEF
Conor,Coventry,0,0,1,0,0.0,0.0,0.0,0.0,0,0,0,44,MID
Armstrong,Oko-Flex,0,0,0,0,0.0,0.0,0.0,0.0,0,0,0,44,MID
Maxwel,Cornet,0,0,232,5,28.7,27.2,62.0,11.3,0,0,0,59,MID
Thilo,Kehrer,0,3,2229,34,126.2,347.6,83.0,56.0,5,0,4,43,DEF
Lucas,Tolentino Coelho de Lima,4,5,2154,39,446.5,496.8,473.0,142.0,6,0,5,59,MID
Divin,Mubama,0,0,36,0,11.4,2.4,0.0,1.4,0,0,0,45,FWD
Joseph,Anang,0,0,0,0,0.0,0.0,0.0,0.0,0,0,0,40,GK
Krisztián,Hegyi,0,0,0,0,0.0,0.0,0.0,0.0,0,0,0,39,GK
Kaelan,Casey,0,0,0,0,0.0,0.0,0.0,0.0,0,0,0,40,DEF
Craig,Dawson,1,1,2134,31,37.2,455.6,145.0,64.0,7,0,6,48,DEF
Raúl,Jiménez,0,2,839,18,116.0,74.6,273.0,46.3,2,0,0,65,FWD
Jonathan,Castro Otto,1,0,1257,21,118.2,233.2,83.0,43.7,5,1,3,43,DEF
José,Malheiro de Sá,0,0,3240,55,0.0,845.6,0.0,84.7,11,0,2,50,GK
Rúben,da Silva Neves,6,2,3020,48,474.7,788.8,347.0,161.0,10,0,12,52,MID
Hwang,Hee-chan,3,2,1117,18,138.8,194.0,242.0,57.5,3,0,1,57,MID
Nélson,Cabral Semedo,0,1,2633,43,226.5,443.4,79.0,74.4,8,1,11,50,DEF
Daniel,Castelo Podence,6,1,1760,31,512.8,376.0,580.0,146.8,6,0,5,51,MID
Max,Kilman,0,1,3307,56,66.9,739.8,106.0,91.6,11,0,3,43,DEF
Luke,Cundle,0,0,0,0,0.0,0.0,0.0,0.0,0,0,0,44,MID
Pedro,Lomba Neto,0,2,962,15,309.5,96.8,203.0,60.9,5,0,1,49,MID
Rayan,Aït-Nouri,1,0,1067,18,130.5,195.0,156.0,48.3,4,0,4,41,DEF
Fabio,Silva,0,0,0,0,0.0,0.0,0.0,0.0,0,0,0,55,FWD
Toti António,Gomes,1,0,978,14,74.3,225.2,65.0,36.5,4,0,6,39,DEF
Francisco Jorge,Tomás Oliveira,0,0,0,0,0.0,0.0,0.0,0.0,0,0,0,50,MID
Adama,Traoré Diarra,2,4,1477,30,370.0,253.6,258.0,87.9,2,0,2,53,MID
Matija,Šarkić,0,0,0,0,0.0,0.0,0.0,0.0,0,0,0,39,GK
Yerson,Mosquera Valdelamar,0,0,0,0,0.0,0.0,0.0,0.0,0,0,0,39,DEF
João Filipe Iria,Santos Moutinho,0,2,1773,28,537.7,309.8,142.0,99.2,6,0,3,46,MID
Nathan,Collins,0,0,1811,37,37.9,419.0,29.0,48.9,4,1,2,42,DEF
Jackson,Smith,0,0,0,0,0.0,0.0,0.0,0.0,0,0,0,39,GK
Hugo,Bueno López,0,1,1307,29,254.8,221.2,74.0,55.3,3,0,1,38,DEF
Joseph,Hodge,0,0,172,5,16.2,14.4,26.0,5.7,0,0,1,43,MID
Connor,Ronan,0,0,1,0,0.4,0.6,0.0,0.1,0,0,0,44,MID
Chem,Campbell,0,0,68,2,3.0,5.6,16.0,2.4,0,0,0,44,MID
Gonçalo Manuel,Ganchinho Guedes,1,1,703,12,139.6,89.4,223.0,45.1,2,0,1,58,MID
Matheus Luiz,Nunes,1,1,2467,38,405.0,370.2,310.0,108.6,11,1,2,48,MID
Sasa,Kalajdzic,0,0,45,0,0.0,0.0,9.0,0.7,0,0,0,53,FWD
Diego,Da Silva Costa,1,0,1235,17,144.3,96.8,504.0,73.3,6,1,5,53,FWD
Boubacar,Traoré,0,1,405,9,16.6,49.6,7.0,7.4,0,0,2,43,MID
Nathan,Fraser,0,0,0,0,0.0,0.0,0.0,0.0,0,0,0,45,FWD
Harvey,Griffiths,0,0,0,0,0.0,0.0,0.0,0.0,0,0,0,44,MID
Dexter,Lembikisa,0,0,22,1,0.8,1.4,0.0,0.2,0,0,0,40,DEF
Matheus,Santos Carneiro Da Cunha,2,0,961,12,95.1,143.0,217.0,45.1,5,0,1,53,FWD
Mario,Lemina,0,1,1297,28,65.0,200.4,36.0,30.1,5,1,2,45,MID
Pablo,Sarabia,1,0,764,9,184.7,92.0,157.0,43.0,3,0,3,49,MID
Daniel,Bentley,0,0,180,3,0.0,70.2,0.0,7.0,0,0,0,40,GK
João Victor,Gomes da Silva,1,0,649,18,72.0,133.0,46.0,24.9,2,0,5,45,MID
